timestamp,source,temperature,humidity,gas_raw,pir,scenario
2026-01-01T00:00:00+00:00,simulation_nominale,24.994,44.986,899.777,0,fonctionnement_normal_simule
2026-01-01T00:00:00.200000+00:00,simulation_nominale,25.032,45.0,897.085,0,fonctionnement_normal_simule
2026-01-01T00:00:00.400000+00:00,simulation_nominale,25.022,44.999,899.726,0,fonctionnement_normal_simule
2026-01-01T00:00:00.600000+00:00,simulation_nominale,25.017,45.049,902.567,0,fonctionnement_normal_simule
2026-01-01T00:00:00.800000+00:00,simulation_nominale,25.043,45.049,898.843,0,fonctionnement_normal_simule
2026-01-01T00:00:01+00:00,simulation_nominale,24.981,45.07,903.022,0,fonctionnement_normal_simule
2026-01-01T00:00:01.200000+00:00,simulation_nominale,25.028,45.051,901.543,0,fonctionnement_normal_simule
2026-01-01T00:00:01.400000+00:00,simulation_nominale,24.973,45.045,901.54,0,fonctionnement_normal_simule
2026-01-01T00:00:01.600000+00:00,simulation_nominale,25.07,45.061,901.393,0,fonctionnement_normal_simule
2026-01-01T00:00:01.800000+00:00,simulation_nominale,25.05,45.153,898.493,0,fonctionnement_normal_simule
2026-01-01T00:00:02+00:00,simulation_nominale,25.068,44.979,895.559,0,fonctionnement_normal_simule
2026-01-01T00:00:02.200000+00:00,simulation_nominale,25.026,45.037,902.63,0,fonctionnement_normal_simule
2026-01-01T00:00:02.400000+00:00,simulation_nominale,25.082,45.022,902.652,0,fonctionnement_normal_simule
2026-01-01T00:00:02.600000+00:00,simulation_nominale,25.021,45.123,900.449,0,fonctionnement_normal_simule
2026-01-01T00:00:02.800000+00:00,simulation_nominale,25.071,45.205,902.393,0,fonctionnement_normal_simule
2026-01-01T00:00:03+00:00,simulation_nominale,25.086,45.202,902.152,0,fonctionnement_normal_simule
2026-01-01T00:00:03.200000+00:00,simulation_nominale,25.052,45.102,900.335,0,fonctionnement_normal_simule
2026-01-01T00:00:03.400000+00:00,simulation_nominale,25.103,45.15,906.025,0,fonctionnement_normal_simule
2026-01-01T00:00:03.600000+00:00,simulation_nominale,25.056,45.092,902.969,0,fonctionnement_normal_simule
2026-01-01T00:00:03.800000+00:00,simulation_nominale,25.152,45.23,903.183,0,fonctionnement_normal_simule
2026-01-01T00:00:04+00:00,simulation_nominale,25.158,45.192,898.743,0,fonctionnement_normal_simule
2026-01-01T00:00:04.200000+00:00,simulation_nominale,25.086,45.286,898.78,0,fonctionnement_normal_simule
2026-01-01T00:00:04.400000+00:00,simulation_nominale,25.115,45.239,901.115,0,fonctionnement_normal_simule
2026-01-01T00:00:04.600000+00:00,simulation_nominale,25.148,45.276,906.467,0,fonctionnement_normal_simule
2026-01-01T00:00:04.800000+00:00,simulation_nominale,25.151,45.19,900.778,0,fonctionnement_normal_simule
2026-01-01T00:00:05+00:00,simulation_nominale,25.099,45.325,900.846,0,fonctionnement_normal_simule
2026-01-01T00:00:05.200000+00:00,simulation_nominale,25.136,45.319,900.61,0,fonctionnement_normal_simule
2026-01-01T00:00:05.400000+00:00,simulation_nominale,25.134,45.121,899.969,0,fonctionnement_normal_simule
2026-01-01T00:00:05.600000+00:00,simulation_nominale,25.129,45.312,904.598,0,fonctionnement_normal_simule
2026-01-01T00:00:05.800000+00:00,simulation_nominale,25.158,45.309,902.624,0,fonctionnement_normal_simule
2026-01-01T00:00:06+00:00,simulation_nominale,25.209,45.369,902.912,0,fonctionnement_normal_simule
2026-01-01T00:00:06.200000+00:00,simulation_nominale,25.132,45.38,903.203,0,fonctionnement_normal_simule
2026-01-01T00:00:06.400000+00:00,simulation_nominale,25.229,45.315,906.423,0,fonctionnement_normal_simule
2026-01-01T00:00:06.600000+00:00,simulation_nominale,25.173,45.455,902.823,0,fonctionnement_normal_simule
2026-01-01T00:00:06.800000+00:00,simulation_nominale,25.173,45.247,902.366,0,fonctionnement_normal_simule
2026-01-01T00:00:07+00:00,simulation_nominale,25.258,45.412,904.121,0,fonctionnement_normal_simule
2026-01-01T00:00:07.200000+00:00,simulation_nominale,25.114,45.413,903.93,0,fonctionnement_normal_simule
2026-01-01T00:00:07.400000+00:00,simulation_nominale,25.194,45.316,902.888,0,fonctionnement_normal_simule
2026-01-01T00:00:07.600000+00:00,simulation_nominale,25.293,45.292,902.112,0,fonctionnement_normal_simule
2026-01-01T00:00:07.800000+00:00,simulation_nominale,25.286,45.35,902.313,0,fonctionnement_normal_simule
2026-01-01T00:00:08+00:00,simulation_nominale,25.243,45.296,903.555,0,fonctionnement_normal_simule
2026-01-01T00:00:08.200000+00:00,simulation_nominale,25.198,45.476,903.195,0,fonctionnement_normal_simule
2026-01-01T00:00:08.400000+00:00,simulation_nominale,25.346,45.437,905.993,0,fonctionnement_normal_simule
2026-01-01T00:00:08.600000+00:00,simulation_nominale,25.21,45.414,903.981,0,fonctionnement_normal_simule
2026-01-01T00:00:08.800000+00:00,simulation_nominale,25.34,45.299,905.389,0,fonctionnement_normal_simule
2026-01-01T00:00:09+00:00,simulation_nominale,25.302,45.566,904.904,0,fonctionnement_normal_simule
2026-01-01T00:00:09.200000+00:00,simulation_nominale,25.289,45.411,901.055,0,fonctionnement_normal_simule
2026-01-01T00:00:09.400000+00:00,simulation_nominale,25.302,45.447,907.664,0,fonctionnement_normal_simule
2026-01-01T00:00:09.600000+00:00,simulation_nominale,25.278,45.497,900.556,0,fonctionnement_normal_simule
2026-01-01T00:00:09.800000+00:00,simulation_nominale,25.295,45.502,905.413,0,fonctionnement_normal_simule
2026-01-01T00:00:10+00:00,simulation_nominale,25.377,45.487,901.601,0,fonctionnement_normal_simule
2026-01-01T00:00:10.200000+00:00,simulation_nominale,25.346,45.542,904.889,0,fonctionnement_normal_simule
2026-01-01T00:00:10.400000+00:00,simulation_nominale,25.308,45.6,904.151,0,fonctionnement_normal_simule
2026-01-01T00:00:10.600000+00:00,simulation_nominale,25.373,45.621,905.263,0,fonctionnement_normal_simule
2026-01-01T00:00:10.800000+00:00,simulation_nominale,25.365,45.701,904.6,0,fonctionnement_normal_simule
2026-01-01T00:00:11+00:00,simulation_nominale,25.35,45.547,907.147,0,fonctionnement_normal_simule
2026-01-01T00:00:11.200000+00:00,simulation_nominale,25.376,45.589,906.641,0,fonctionnement_normal_simule
2026-01-01T00:00:11.400000+00:00,simulation_nominale,25.359,45.418,904.916,0,fonctionnement_normal_simule
2026-01-01T00:00:11.600000+00:00,simulation_nominale,25.398,45.517,906.126,0,fonctionnement_normal_simule
2026-01-01T00:00:11.800000+00:00,simulation_nominale,25.422,45.495,905.487,0,fonctionnement_normal_simule
2026-01-01T00:00:12+00:00,simulation_nominale,25.398,45.465,905.423,0,fonctionnement_normal_simule
2026-01-01T00:00:12.200000+00:00,simulation_nominale,25.413,45.534,905.629,0,fonctionnement_normal_simule
2026-01-01T00:00:12.400000+00:00,simulation_nominale,25.444,45.556,905.449,0,fonctionnement_normal_simule
2026-01-01T00:00:12.600000+00:00,simulation_nominale,25.474,45.555,905.475,0,fonctionnement_normal_simule
2026-01-01T00:00:12.800000+00:00,simulation_nominale,25.442,45.802,901.053,0,fonctionnement_normal_simule
2026-01-01T00:00:13+00:00,simulation_nominale,25.479,45.605,904.641,0,fonctionnement_normal_simule
2026-01-01T00:00:13.200000+00:00,simulation_nominale,25.537,45.638,909.387,0,fonctionnement_normal_simule
2026-01-01T00:00:13.400000+00:00,simulation_nominale,25.452,45.676,903.986,0,fonctionnement_normal_simule
2026-01-01T00:00:13.600000+00:00,simulation_nominale,25.452,45.662,904.465,0,fonctionnement_normal_simule
2026-01-01T00:00:13.800000+00:00,simulation_nominale,25.497,45.498,909.097,0,fonctionnement_normal_simule
2026-01-01T00:00:14+00:00,simulation_nominale,25.491,45.814,903.14,0,fonctionnement_normal_simule
2026-01-01T00:00:14.200000+00:00,simulation_nominale,25.519,45.937,903.475,0,fonctionnement_normal_simule
2026-01-01T00:00:14.400000+00:00,simulation_nominale,25.457,45.649,906.22,0,fonctionnement_normal_simule
2026-01-01T00:00:14.600000+00:00,simulation_nominale,25.554,45.805,904.821,0,fonctionnement_normal_simule
2026-01-01T00:00:14.800000+00:00,simulation_nominale,25.472,45.676,907.875,0,fonctionnement_normal_simule
2026-01-01T00:00:15+00:00,simulation_nominale,25.564,45.563,905.383,0,fonctionnement_normal_simule
2026-01-01T00:00:15.200000+00:00,simulation_nominale,25.611,45.898,906.635,0,fonctionnement_normal_simule
2026-01-01T00:00:15.400000+00:00,simulation_nominale,25.577,45.637,903.883,0,fonctionnement_normal_simule
2026-01-01T00:00:15.600000+00:00,simulation_nominale,25.576,45.786,906.787,0,fonctionnement_normal_simule
2026-01-01T00:00:15.800000+00:00,simulation_nominale,25.565,45.662,904.127,0,fonctionnement_normal_simule
2026-01-01T00:00:16+00:00,simulation_nominale,25.547,45.814,901.114,0,fonctionnement_normal_simule
2026-01-01T00:00:16.200000+00:00,simulation_nominale,25.59,45.807,908.838,0,fonctionnement_normal_simule
2026-01-01T00:00:16.400000+00:00,simulation_nominale,25.616,45.86,905.051,0,fonctionnement_normal_simule
2026-01-01T00:00:16.600000+00:00,simulation_nominale,25.593,45.734,908.958,0,fonctionnement_normal_simule
2026-01-01T00:00:16.800000+00:00,simulation_nominale,25.672,45.836,912.618,0,fonctionnement_normal_simule
2026-01-01T00:00:17+00:00,simulation_nominale,25.641,45.855,906.625,0,fonctionnement_normal_simule
2026-01-01T00:00:17.200000+00:00,simulation_nominale,25.643,45.999,909.076,0,fonctionnement_normal_simule
2026-01-01T00:00:17.400000+00:00,simulation_nominale,25.606,45.79,906.971,0,fonctionnement_normal_simule
2026-01-01T00:00:17.600000+00:00,simulation_nominale,25.703,45.723,901.655,0,fonctionnement_normal_simule
2026-01-01T00:00:17.800000+00:00,simulation_nominale,25.606,45.833,906.01,0,fonctionnement_normal_simule
2026-01-01T00:00:18+00:00,simulation_nominale,25.706,45.785,903.818,0,fonctionnement_normal_simule
2026-01-01T00:00:18.200000+00:00,simulation_nominale,25.621,45.882,907.056,0,fonctionnement_normal_simule
2026-01-01T00:00:18.400000+00:00,simulation_nominale,25.751,45.927,905.983,0,fonctionnement_normal_simule
2026-01-01T00:00:18.600000+00:00,simulation_nominale,25.776,45.861,905.091,0,fonctionnement_normal_simule
2026-01-01T00:00:18.800000+00:00,simulation_nominale,25.711,45.833,902.129,0,fonctionnement_normal_simule
2026-01-01T00:00:19+00:00,simulation_nominale,25.748,45.908,905.783,0,fonctionnement_normal_simule
2026-01-01T00:00:19.200000+00:00,simulation_nominale,25.723,45.926,909.987,0,fonctionnement_normal_simule
2026-01-01T00:00:19.400000+00:00,simulation_nominale,25.763,45.863,905.416,0,fonctionnement_normal_simule
2026-01-01T00:00:19.600000+00:00,simulation_nominale,25.769,45.811,906.393,0,fonctionnement_normal_simule
2026-01-01T00:00:19.800000+00:00,simulation_nominale,25.784,46.067,908.575,0,fonctionnement_normal_simule
2026-01-01T00:00:20+00:00,simulation_nominale,25.833,45.871,908.072,0,fonctionnement_normal_simule
2026-01-01T00:00:20.200000+00:00,simulation_nominale,25.756,45.96,907.612,0,fonctionnement_normal_simule
2026-01-01T00:00:20.400000+00:00,simulation_nominale,25.781,46.103,907.952,0,fonctionnement_normal_simule
2026-01-01T00:00:20.600000+00:00,simulation_nominale,25.746,45.995,906.044,0,fonctionnement_normal_simule
2026-01-01T00:00:20.800000+00:00,simulation_nominale,25.832,45.996,907.68,0,fonctionnement_normal_simule
2026-01-01T00:00:21+00:00,simulation_nominale,25.76,45.874,908.485,0,fonctionnement_normal_simule
2026-01-01T00:00:21.200000+00:00,simulation_nominale,25.904,46.126,910.585,0,fonctionnement_normal_simule
2026-01-01T00:00:21.400000+00:00,simulation_nominale,25.779,46.043,903.185,0,fonctionnement_normal_simule
2026-01-01T00:00:21.600000+00:00,simulation_nominale,25.936,46.009,904.773,0,fonctionnement_normal_simule
2026-01-01T00:00:21.800000+00:00,simulation_nominale,25.962,46.048,903.311,0,fonctionnement_normal_simule
2026-01-01T00:00:22+00:00,simulation_nominale,25.903,45.946,907.352,0,fonctionnement_normal_simule
2026-01-01T00:00:22.200000+00:00,simulation_nominale,25.883,46.121,904.319,0,fonctionnement_normal_simule
2026-01-01T00:00:22.400000+00:00,simulation_nominale,25.924,46.164,905.547,0,fonctionnement_normal_simule
2026-01-01T00:00:22.600000+00:00,simulation_nominale,25.93,46.042,905.856,0,fonctionnement_normal_simule
2026-01-01T00:00:22.800000+00:00,simulation_nominale,25.957,46.041,905.382,0,fonctionnement_normal_simule
2026-01-01T00:00:23+00:00,simulation_nominale,26.012,46.104,906.968,0,fonctionnement_normal_simule
2026-01-01T00:00:23.200000+00:00,simulation_nominale,25.926,45.985,909.796,0,fonctionnement_normal_simule
2026-01-01T00:00:23.400000+00:00,simulation_nominale,25.955,46.092,906.997,0,fonctionnement_normal_simule
2026-01-01T00:00:23.600000+00:00,simulation_nominale,25.996,46.053,908.925,0,fonctionnement_normal_simule
2026-01-01T00:00:23.800000+00:00,simulation_nominale,25.974,46.135,908.772,0,fonctionnement_normal_simule
2026-01-01T00:00:24+00:00,simulation_nominale,25.986,46.007,905.576,0,fonctionnement_normal_simule
2026-01-01T00:00:24.200000+00:00,simulation_nominale,25.971,46.004,909.217,0,fonctionnement_normal_simule
2026-01-01T00:00:24.400000+00:00,simulation_nominale,26.009,46.215,912.071,0,fonctionnement_normal_simule
2026-01-01T00:00:24.600000+00:00,simulation_nominale,26.021,45.973,906.777,0,fonctionnement_normal_simule
2026-01-01T00:00:24.800000+00:00,simulation_nominale,26.027,45.984,907.065,0,fonctionnement_normal_simule
2026-01-01T00:00:25+00:00,simulation_nominale,26.051,46.074,906.055,0,fonctionnement_normal_simule
2026-01-01T00:00:25.200000+00:00,simulation_nominale,26.019,46.26,907.297,0,fonctionnement_normal_simule
2026-01-01T00:00:25.400000+00:00,simulation_nominale,26.026,46.094,909.549,0,fonctionnement_normal_simule
2026-01-01T00:00:25.600000+00:00,simulation_nominale,26.041,46.169,909.12,0,fonctionnement_normal_simule
2026-01-01T00:00:25.800000+00:00,simulation_nominale,26.108,46.249,906.586,0,fonctionnement_normal_simule
2026-01-01T00:00:26+00:00,simulation_nominale,26.133,46.08,906.915,0,fonctionnement_normal_simule
2026-01-01T00:00:26.200000+00:00,simulation_nominale,26.146,46.216,907.734,0,fonctionnement_normal_simule
2026-01-01T00:00:26.400000+00:00,simulation_nominale,26.06,46.201,906.489,0,fonctionnement_normal_simule
2026-01-01T00:00:26.600000+00:00,simulation_nominale,26.08,46.111,908.262,0,fonctionnement_normal_simule
2026-01-01T00:00:26.800000+00:00,simulation_nominale,26.041,46.198,908.136,0,fonctionnement_normal_simule
2026-01-01T00:00:27+00:00,simulation_nominale,26.112,46.258,909.029,0,fonctionnement_normal_simule
2026-01-01T00:00:27.200000+00:00,simulation_nominale,26.121,46.128,909.213,0,fonctionnement_normal_simule
2026-01-01T00:00:27.400000+00:00,simulation_nominale,26.094,46.161,906.577,0,fonctionnement_normal_simule
2026-01-01T00:00:27.600000+00:00,simulation_nominale,26.167,46.21,907.928,0,fonctionnement_normal_simule
2026-01-01T00:00:27.800000+00:00,simulation_nominale,26.219,46.218,907.24,0,fonctionnement_normal_simule
2026-01-01T00:00:28+00:00,simulation_nominale,26.134,46.263,908.94,0,fonctionnement_normal_simule
2026-01-01T00:00:28.200000+00:00,simulation_nominale,26.25,46.152,907.95,0,fonctionnement_normal_simule
2026-01-01T00:00:28.400000+00:00,simulation_nominale,26.199,46.21,907.93,0,fonctionnement_normal_simule
2026-01-01T00:00:28.600000+00:00,simulation_nominale,26.141,46.289,909.227,0,fonctionnement_normal_simule
2026-01-01T00:00:28.800000+00:00,simulation_nominale,26.264,46.409,907.294,0,fonctionnement_normal_simule
2026-01-01T00:00:29+00:00,simulation_nominale,26.227,46.235,911.826,0,fonctionnement_normal_simule
2026-01-01T00:00:29.200000+00:00,simulation_nominale,26.168,46.279,905.009,0,fonctionnement_normal_simule
2026-01-01T00:00:29.400000+00:00,simulation_nominale,26.143,46.084,905.196,0,fonctionnement_normal_simule
2026-01-01T00:00:29.600000+00:00,simulation_nominale,26.298,46.182,907.512,0,fonctionnement_normal_simule
2026-01-01T00:00:29.800000+00:00,simulation_nominale,26.217,46.306,905.77,0,fonctionnement_normal_simule
2026-01-01T00:00:30+00:00,simulation_nominale,26.325,46.183,906.45,0,fonctionnement_normal_simule
2026-01-01T00:00:30.200000+00:00,simulation_nominale,26.286,46.27,910.835,0,fonctionnement_normal_simule
2026-01-01T00:00:30.400000+00:00,simulation_nominale,26.295,46.176,906.869,0,fonctionnement_normal_simule
2026-01-01T00:00:30.600000+00:00,simulation_nominale,26.276,46.336,908.761,0,fonctionnement_normal_simule
2026-01-01T00:00:30.800000+00:00,simulation_nominale,26.303,46.353,906.939,0,fonctionnement_normal_simule
2026-01-01T00:00:31+00:00,simulation_nominale,26.311,46.303,911.055,0,fonctionnement_normal_simule
2026-01-01T00:00:31.200000+00:00,simulation_nominale,26.321,46.266,905.908,0,fonctionnement_normal_simule
2026-01-01T00:00:31.400000+00:00,simulation_nominale,26.361,46.252,908.687,0,fonctionnement_normal_simule
2026-01-01T00:00:31.600000+00:00,simulation_nominale,26.266,46.387,905.336,0,fonctionnement_normal_simule
2026-01-01T00:00:31.800000+00:00,simulation_nominale,26.319,46.393,905.33,0,fonctionnement_normal_simule
2026-01-01T00:00:32+00:00,simulation_nominale,26.355,46.319,905.999,0,fonctionnement_normal_simule
2026-01-01T00:00:32.200000+00:00,simulation_nominale,26.42,46.438,904.051,0,fonctionnement_normal_simule
2026-01-01T00:00:32.400000+00:00,simulation_nominale,26.317,46.388,905.384,0,fonctionnement_normal_simule
2026-01-01T00:00:32.600000+00:00,simulation_nominale,26.367,46.338,909.37,0,fonctionnement_normal_simule
2026-01-01T00:00:32.800000+00:00,simulation_nominale,26.382,46.34,906.427,0,fonctionnement_normal_simule
2026-01-01T00:00:33+00:00,simulation_nominale,26.451,46.297,908.654,0,fonctionnement_normal_simule
2026-01-01T00:00:33.200000+00:00,simulation_nominale,26.386,46.35,907.632,0,fonctionnement_normal_simule
2026-01-01T00:00:33.400000+00:00,simulation_nominale,26.408,46.265,909.553,0,fonctionnement_normal_simule
2026-01-01T00:00:33.600000+00:00,simulation_nominale,26.479,46.37,909.417,0,fonctionnement_normal_simule
2026-01-01T00:00:33.800000+00:00,simulation_nominale,26.464,46.429,908.55,0,fonctionnement_normal_simule
2026-01-01T00:00:34+00:00,simulation_nominale,26.447,46.428,908.071,0,fonctionnement_normal_simule
2026-01-01T00:00:34.200000+00:00,simulation_nominale,26.407,46.365,904.146,0,fonctionnement_normal_simule
2026-01-01T00:00:34.400000+00:00,simulation_nominale,26.453,46.4,910.383,0,fonctionnement_normal_simule
2026-01-01T00:00:34.600000+00:00,simulation_nominale,26.467,46.445,907.898,0,fonctionnement_normal_simule
2026-01-01T00:00:34.800000+00:00,simulation_nominale,26.427,46.262,905.946,0,fonctionnement_normal_simule
2026-01-01T00:00:35+00:00,simulation_nominale,26.421,46.43,907.457,0,fonctionnement_normal_simule
2026-01-01T00:00:35.200000+00:00,simulation_nominale,26.506,46.389,909.945,0,fonctionnement_normal_simule
2026-01-01T00:00:35.400000+00:00,simulation_nominale,26.533,46.335,907.293,0,fonctionnement_normal_simule
2026-01-01T00:00:35.600000+00:00,simulation_nominale,26.476,46.261,909.176,0,fonctionnement_normal_simule
2026-01-01T00:00:35.800000+00:00,simulation_nominale,26.552,46.394,906.822,0,fonctionnement_normal_simule
2026-01-01T00:00:36+00:00,simulation_nominale,26.555,46.21,908.146,0,fonctionnement_normal_simule
2026-01-01T00:00:36.200000+00:00,simulation_nominale,26.524,46.356,910.555,0,fonctionnement_normal_simule
2026-01-01T00:00:36.400000+00:00,simulation_nominale,26.564,46.384,907.579,0,fonctionnement_normal_simule
2026-01-01T00:00:36.600000+00:00,simulation_nominale,26.517,46.368,905.116,0,fonctionnement_normal_simule
2026-01-01T00:00:36.800000+00:00,simulation_nominale,26.594,46.494,909.308,0,fonctionnement_normal_simule
2026-01-01T00:00:37+00:00,simulation_nominale,26.502,46.582,911.651,0,fonctionnement_normal_simule
2026-01-01T00:00:37.200000+00:00,simulation_nominale,26.56,46.346,905.935,0,fonctionnement_normal_simule
2026-01-01T00:00:37.400000+00:00,simulation_nominale,26.576,46.349,907.576,0,fonctionnement_normal_simule
2026-01-01T00:00:37.600000+00:00,simulation_nominale,26.609,46.304,911.632,0,fonctionnement_normal_simule
2026-01-01T00:00:37.800000+00:00,simulation_nominale,26.635,46.329,904.769,0,fonctionnement_normal_simule
2026-01-01T00:00:38+00:00,simulation_nominale,26.567,46.349,907.043,0,fonctionnement_normal_simule
2026-01-01T00:00:38.200000+00:00,simulation_nominale,26.481,46.416,911.15,0,fonctionnement_normal_simule
2026-01-01T00:00:38.400000+00:00,simulation_nominale,26.546,46.415,904.538,0,fonctionnement_normal_simule
2026-01-01T00:00:38.600000+00:00,simulation_nominale,26.622,46.422,911.371,0,fonctionnement_normal_simule
2026-01-01T00:00:38.800000+00:00,simulation_nominale,26.611,46.413,908.561,0,fonctionnement_normal_simule
2026-01-01T00:00:39+00:00,simulation_nominale,26.588,46.338,908.036,0,fonctionnement_normal_simule
2026-01-01T00:00:39.200000+00:00,simulation_nominale,26.608,46.461,908.153,0,fonctionnement_normal_simule
2026-01-01T00:00:39.400000+00:00,simulation_nominale,26.6,46.484,910.846,0,fonctionnement_normal_simule
2026-01-01T00:00:39.600000+00:00,simulation_nominale,26.582,46.592,906.854,0,fonctionnement_normal_simule
2026-01-01T00:00:39.800000+00:00,simulation_nominale,26.601,46.65,907.617,0,fonctionnement_normal_simule
2026-01-01T00:00:40+00:00,simulation_nominale,26.692,46.523,903.913,0,fonctionnement_normal_simule
2026-01-01T00:00:40.200000+00:00,simulation_nominale,26.647,46.418,904.557,0,fonctionnement_normal_simule
2026-01-01T00:00:40.400000+00:00,simulation_nominale,26.577,46.471,908.387,0,fonctionnement_normal_simule
2026-01-01T00:00:40.600000+00:00,simulation_nominale,26.669,46.44,905.574,0,fonctionnement_normal_simule
2026-01-01T00:00:40.800000+00:00,simulation_nominale,26.619,46.422,905.069,0,fonctionnement_normal_simule
2026-01-01T00:00:41+00:00,simulation_nominale,26.656,46.467,905.307,0,fonctionnement_normal_simule
2026-01-01T00:00:41.200000+00:00,simulation_nominale,26.66,46.41,907.053,0,fonctionnement_normal_simule
2026-01-01T00:00:41.400000+00:00,simulation_nominale,26.694,46.487,907.968,0,fonctionnement_normal_simule
2026-01-01T00:00:41.600000+00:00,simulation_nominale,26.613,46.444,907.539,0,fonctionnement_normal_simule
2026-01-01T00:00:41.800000+00:00,simulation_nominale,26.709,46.349,907.264,0,fonctionnement_normal_simule
2026-01-01T00:00:42+00:00,simulation_nominale,26.737,46.464,906.716,0,fonctionnement_normal_simule
2026-01-01T00:00:42.200000+00:00,simulation_nominale,26.711,46.5,908.214,0,fonctionnement_normal_simule
2026-01-01T00:00:42.400000+00:00,simulation_nominale,26.7,46.494,905.259,0,fonctionnement_normal_simule
2026-01-01T00:00:42.600000+00:00,simulation_nominale,26.695,46.583,906.373,0,fonctionnement_normal_simule
2026-01-01T00:00:42.800000+00:00,simulation_nominale,26.7,46.445,908.313,0,fonctionnement_normal_simule
2026-01-01T00:00:43+00:00,simulation_nominale,26.677,46.559,904.821,0,fonctionnement_normal_simule
2026-01-01T00:00:43.200000+00:00,simulation_nominale,26.673,46.504,906.911,0,fonctionnement_normal_simule
2026-01-01T00:00:43.400000+00:00,simulation_nominale,26.731,46.573,905.781,0,fonctionnement_normal_simule
2026-01-01T00:00:43.600000+00:00,simulation_nominale,26.741,46.417,909.079,0,fonctionnement_normal_simule
2026-01-01T00:00:43.800000+00:00,simulation_nominale,26.753,46.534,906.89,0,fonctionnement_normal_simule
2026-01-01T00:00:44+00:00,simulation_nominale,26.7,46.466,907.472,0,fonctionnement_normal_simule
2026-01-01T00:00:44.200000+00:00,simulation_nominale,26.734,46.503,903.701,0,fonctionnement_normal_simule
2026-01-01T00:00:44.400000+00:00,simulation_nominale,26.746,46.438,904.206,0,fonctionnement_normal_simule
2026-01-01T00:00:44.600000+00:00,simulation_nominale,26.736,46.346,907.721,0,fonctionnement_normal_simule
2026-01-01T00:00:44.800000+00:00,simulation_nominale,26.78,46.491,904.287,0,fonctionnement_normal_simule
2026-01-01T00:00:45+00:00,simulation_nominale,26.712,46.484,901.377,0,fonctionnement_normal_simule
2026-01-01T00:00:45.200000+00:00,simulation_nominale,26.76,46.55,905.55,0,fonctionnement_normal_simule
2026-01-01T00:00:45.400000+00:00,simulation_nominale,26.736,46.512,906.824,0,fonctionnement_normal_simule
2026-01-01T00:00:45.600000+00:00,simulation_nominale,26.803,46.5,904.692,0,fonctionnement_normal_simule
2026-01-01T00:00:45.800000+00:00,simulation_nominale,26.744,46.513,909.131,0,fonctionnement_normal_simule
2026-01-01T00:00:46+00:00,simulation_nominale,26.753,46.415,904.225,0,fonctionnement_normal_simule
2026-01-01T00:00:46.200000+00:00,simulation_nominale,26.685,46.526,903.189,0,fonctionnement_normal_simule
2026-01-01T00:00:46.400000+00:00,simulation_nominale,26.722,46.341,903.622,0,fonctionnement_normal_simule
2026-01-01T00:00:46.600000+00:00,simulation_nominale,26.797,46.395,902.304,0,fonctionnement_normal_simule
2026-01-01T00:00:46.800000+00:00,simulation_nominale,26.784,46.473,906.612,0,fonctionnement_normal_simule
2026-01-01T00:00:47+00:00,simulation_nominale,26.809,46.499,903.096,0,fonctionnement_normal_simule
2026-01-01T00:00:47.200000+00:00,simulation_nominale,26.777,46.54,904.469,0,fonctionnement_normal_simule
2026-01-01T00:00:47.400000+00:00,simulation_nominale,26.727,46.588,904.748,0,fonctionnement_normal_simule
2026-01-01T00:00:47.600000+00:00,simulation_nominale,26.771,46.501,907.582,0,fonctionnement_normal_simule
2026-01-01T00:00:47.800000+00:00,simulation_nominale,26.8,46.473,906.827,0,fonctionnement_normal_simule
2026-01-01T00:00:48+00:00,simulation_nominale,26.877,46.61,906.749,0,fonctionnement_normal_simule
2026-01-01T00:00:48.200000+00:00,simulation_nominale,26.749,46.799,902.947,0,fonctionnement_normal_simule
2026-01-01T00:00:48.400000+00:00,simulation_nominale,26.781,46.443,908.538,0,fonctionnement_normal_simule
2026-01-01T00:00:48.600000+00:00,simulation_nominale,26.814,46.384,905.76,0,fonctionnement_normal_simule
2026-01-01T00:00:48.800000+00:00,simulation_nominale,26.821,46.472,902.723,0,fonctionnement_normal_simule
2026-01-01T00:00:49+00:00,simulation_nominale,26.772,46.462,905.148,0,fonctionnement_normal_simule
2026-01-01T00:00:49.200000+00:00,simulation_nominale,26.782,46.555,903.14,0,fonctionnement_normal_simule
2026-01-01T00:00:49.400000+00:00,simulation_nominale,26.735,46.437,907.676,0,fonctionnement_normal_simule
2026-01-01T00:00:49.600000+00:00,simulation_nominale,26.783,46.682,905.898,0,fonctionnement_normal_simule
2026-01-01T00:00:49.800000+00:00,simulation_nominale,26.761,46.427,905.338,0,fonctionnement_normal_simule
2026-01-01T00:00:50+00:00,simulation_nominale,26.762,46.683,902.806,0,fonctionnement_normal_simule
2026-01-01T00:00:50.200000+00:00,simulation_nominale,26.837,46.609,904.505,0,fonctionnement_normal_simule
2026-01-01T00:00:50.400000+00:00,simulation_nominale,26.771,46.469,905.383,0,fonctionnement_normal_simule
2026-01-01T00:00:50.600000+00:00,simulation_nominale,26.847,46.494,901.793,0,fonctionnement_normal_simule
2026-01-01T00:00:50.800000+00:00,simulation_nominale,26.815,46.435,900.161,0,fonctionnement_normal_simule
2026-01-01T00:00:51+00:00,simulation_nominale,26.786,46.373,905.635,0,fonctionnement_normal_simule
2026-01-01T00:00:51.200000+00:00,simulation_nominale,26.893,46.635,903.248,0,fonctionnement_normal_simule
2026-01-01T00:00:51.400000+00:00,simulation_nominale,26.797,46.54,906.45,0,fonctionnement_normal_simule
2026-01-01T00:00:51.600000+00:00,simulation_nominale,26.8,46.472,908.674,0,fonctionnement_normal_simule
2026-01-01T00:00:51.800000+00:00,simulation_nominale,26.813,46.443,904.432,0,fonctionnement_normal_simule
2026-01-01T00:00:52+00:00,simulation_nominale,26.841,46.398,903.627,0,fonctionnement_normal_simule
2026-01-01T00:00:52.200000+00:00,simulation_nominale,26.772,46.456,907.809,0,fonctionnement_normal_simule
2026-01-01T00:00:52.400000+00:00,simulation_nominale,26.848,46.469,902.12,0,fonctionnement_normal_simule
2026-01-01T00:00:52.600000+00:00,simulation_nominale,26.806,46.559,902.793,0,fonctionnement_normal_simule
2026-01-01T00:00:52.800000+00:00,simulation_nominale,26.877,46.363,903.266,0,fonctionnement_normal_simule
2026-01-01T00:00:53+00:00,simulation_nominale,26.889,46.311,906.153,0,fonctionnement_normal_simule
2026-01-01T00:00:53.200000+00:00,simulation_nominale,26.745,46.462,903.36,0,fonctionnement_normal_simule
2026-01-01T00:00:53.400000+00:00,simulation_nominale,26.852,46.215,899.799,0,fonctionnement_normal_simule
2026-01-01T00:00:53.600000+00:00,simulation_nominale,26.796,46.468,901.777,0,fonctionnement_normal_simule
2026-01-01T00:00:53.800000+00:00,simulation_nominale,26.81,46.368,902.689,0,fonctionnement_normal_simule
2026-01-01T00:00:54+00:00,simulation_nominale,26.784,46.48,904.582,0,fonctionnement_normal_simule
2026-01-01T00:00:54.200000+00:00,simulation_nominale,26.875,46.406,902.711,0,fonctionnement_normal_simule
2026-01-01T00:00:54.400000+00:00,simulation_nominale,26.819,46.433,903.17,0,fonctionnement_normal_simule
2026-01-01T00:00:54.600000+00:00,simulation_nominale,26.754,46.483,901.37,0,fonctionnement_normal_simule
2026-01-01T00:00:54.800000+00:00,simulation_nominale,26.778,46.324,905.449,0,fonctionnement_normal_simule
2026-01-01T00:00:55+00:00,simulation_nominale,26.81,46.541,903.598,0,fonctionnement_normal_simule
2026-01-01T00:00:55.200000+00:00,simulation_nominale,26.747,46.359,904.495,0,fonctionnement_normal_simule
2026-01-01T00:00:55.400000+00:00,simulation_nominale,26.783,46.356,902.546,0,fonctionnement_normal_simule
2026-01-01T00:00:55.600000+00:00,simulation_nominale,26.806,46.36,902.178,0,fonctionnement_normal_simule
2026-01-01T00:00:55.800000+00:00,simulation_nominale,26.793,46.231,903.76,0,fonctionnement_normal_simule
2026-01-01T00:00:56+00:00,simulation_nominale,26.778,46.539,900.38,0,fonctionnement_normal_simule
2026-01-01T00:00:56.200000+00:00,simulation_nominale,26.746,46.527,899.434,0,fonctionnement_normal_simule
2026-01-01T00:00:56.400000+00:00,simulation_nominale,26.783,46.477,901.869,0,fonctionnement_normal_simule
2026-01-01T00:00:56.600000+00:00,simulation_nominale,26.741,46.441,902.064,0,fonctionnement_normal_simule
2026-01-01T00:00:56.800000+00:00,simulation_nominale,26.857,46.47,908.448,0,fonctionnement_normal_simule
2026-01-01T00:00:57+00:00,simulation_nominale,26.738,46.418,900.167,0,fonctionnement_normal_simule
2026-01-01T00:00:57.200000+00:00,simulation_nominale,26.849,46.482,903.731,0,fonctionnement_normal_simule
2026-01-01T00:00:57.400000+00:00,simulation_nominale,26.77,46.353,898.087,0,fonctionnement_normal_simule
2026-01-01T00:00:57.600000+00:00,simulation_nominale,26.868,46.45,901.547,0,fonctionnement_normal_simule
2026-01-01T00:00:57.800000+00:00,simulation_nominale,26.835,46.466,903.942,0,fonctionnement_normal_simule
2026-01-01T00:00:58+00:00,simulation_nominale,26.731,46.345,902.305,0,fonctionnement_normal_simule
2026-01-01T00:00:58.200000+00:00,simulation_nominale,26.808,46.476,899.819,0,fonctionnement_normal_simule
2026-01-01T00:00:58.400000+00:00,simulation_nominale,26.797,46.572,903.142,0,fonctionnement_normal_simule
2026-01-01T00:00:58.600000+00:00,simulation_nominale,26.824,46.39,903.215,0,fonctionnement_normal_simule
2026-01-01T00:00:58.800000+00:00,simulation_nominale,26.86,46.396,904.05,0,fonctionnement_normal_simule
2026-01-01T00:00:59+00:00,simulation_nominale,26.75,46.431,903.332,0,fonctionnement_normal_simule
2026-01-01T00:00:59.200000+00:00,simulation_nominale,26.753,46.468,900.094,0,fonctionnement_normal_simule
2026-01-01T00:00:59.400000+00:00,simulation_nominale,26.748,46.376,905.23,0,fonctionnement_normal_simule
2026-01-01T00:00:59.600000+00:00,simulation_nominale,26.79,46.447,899.824,0,fonctionnement_normal_simule
2026-01-01T00:00:59.800000+00:00,simulation_nominale,26.779,46.274,900.066,0,fonctionnement_normal_simule
2026-01-01T00:01:00+00:00,simulation_nominale,26.806,46.361,904.032,0,fonctionnement_normal_simule
2026-01-01T00:01:00.200000+00:00,simulation_nominale,26.762,46.344,903.603,0,fonctionnement_normal_simule
2026-01-01T00:01:00.400000+00:00,simulation_nominale,26.742,46.234,903.573,0,fonctionnement_normal_simule
2026-01-01T00:01:00.600000+00:00,simulation_nominale,26.781,46.178,900.98,0,fonctionnement_normal_simule
2026-01-01T00:01:00.800000+00:00,simulation_nominale,26.746,46.486,899.353,0,fonctionnement_normal_simule
2026-01-01T00:01:01+00:00,simulation_nominale,26.736,46.27,898.624,0,fonctionnement_normal_simule
2026-01-01T00:01:01.200000+00:00,simulation_nominale,26.728,46.223,898.59,0,fonctionnement_normal_simule
2026-01-01T00:01:01.400000+00:00,simulation_nominale,26.689,46.214,897.453,0,fonctionnement_normal_simule
2026-01-01T00:01:01.600000+00:00,simulation_nominale,26.729,46.274,898.039,0,fonctionnement_normal_simule
2026-01-01T00:01:01.800000+00:00,simulation_nominale,26.766,46.32,899.549,0,fonctionnement_normal_simule
2026-01-01T00:01:02+00:00,simulation_nominale,26.725,46.447,900.812,0,fonctionnement_normal_simule
2026-01-01T00:01:02.200000+00:00,simulation_nominale,26.759,46.108,898.945,0,fonctionnement_normal_simule
2026-01-01T00:01:02.400000+00:00,simulation_nominale,26.65,46.276,900.919,0,fonctionnement_normal_simule
2026-01-01T00:01:02.600000+00:00,simulation_nominale,26.706,46.346,898.047,0,fonctionnement_normal_simule
2026-01-01T00:01:02.800000+00:00,simulation_nominale,26.753,46.176,899.489,0,fonctionnement_normal_simule
2026-01-01T00:01:03+00:00,simulation_nominale,26.743,46.338,899.678,0,fonctionnement_normal_simule
2026-01-01T00:01:03.200000+00:00,simulation_nominale,26.8,46.257,898.951,0,fonctionnement_normal_simule
2026-01-01T00:01:03.400000+00:00,simulation_nominale,26.609,46.426,899.035,0,fonctionnement_normal_simule
2026-01-01T00:01:03.600000+00:00,simulation_nominale,26.668,46.385,902.164,0,fonctionnement_normal_simule
2026-01-01T00:01:03.800000+00:00,simulation_nominale,26.716,46.159,900.451,0,fonctionnement_normal_simule
2026-01-01T00:01:04+00:00,simulation_nominale,26.683,46.175,901.62,0,fonctionnement_normal_simule
2026-01-01T00:01:04.200000+00:00,simulation_nominale,26.618,46.309,900.372,0,fonctionnement_normal_simule
2026-01-01T00:01:04.400000+00:00,simulation_nominale,26.782,46.284,895.257,0,fonctionnement_normal_simule
2026-01-01T00:01:04.600000+00:00,simulation_nominale,26.662,46.258,900.005,0,fonctionnement_normal_simule
2026-01-01T00:01:04.800000+00:00,simulation_nominale,26.731,46.09,898.554,0,fonctionnement_normal_simule
2026-01-01T00:01:05+00:00,simulation_nominale,26.726,46.365,902.856,0,fonctionnement_normal_simule
2026-01-01T00:01:05.200000+00:00,simulation_nominale,26.667,46.324,902.478,0,fonctionnement_normal_simule
2026-01-01T00:01:05.400000+00:00,simulation_nominale,26.727,46.288,900.631,0,fonctionnement_normal_simule
2026-01-01T00:01:05.600000+00:00,simulation_nominale,26.643,46.109,900.862,0,fonctionnement_normal_simule
2026-01-01T00:01:05.800000+00:00,simulation_nominale,26.656,46.216,897.66,0,fonctionnement_normal_simule
2026-01-01T00:01:06+00:00,simulation_nominale,26.65,46.231,896.694,0,fonctionnement_normal_simule
2026-01-01T00:01:06.200000+00:00,simulation_nominale,26.664,46.227,898.504,0,fonctionnement_normal_simule
2026-01-01T00:01:06.400000+00:00,simulation_nominale,26.627,46.264,902.326,0,fonctionnement_normal_simule
2026-01-01T00:01:06.600000+00:00,simulation_nominale,26.628,46.294,900.28,0,fonctionnement_normal_simule
2026-01-01T00:01:06.800000+00:00,simulation_nominale,26.541,46.128,897.151,0,fonctionnement_normal_simule
2026-01-01T00:01:07+00:00,simulation_nominale,26.674,46.198,899.294,0,fonctionnement_normal_simule
2026-01-01T00:01:07.200000+00:00,simulation_nominale,26.663,46.105,896.773,0,fonctionnement_normal_simule
2026-01-01T00:01:07.400000+00:00,simulation_nominale,26.584,46.157,897.95,0,fonctionnement_normal_simule
2026-01-01T00:01:07.600000+00:00,simulation_nominale,26.635,46.106,899.924,0,fonctionnement_normal_simule
2026-01-01T00:01:07.800000+00:00,simulation_nominale,26.66,46.281,899.456,0,fonctionnement_normal_simule
2026-01-01T00:01:08+00:00,simulation_nominale,26.626,46.205,899.175,0,fonctionnement_normal_simule
2026-01-01T00:01:08.200000+00:00,simulation_nominale,26.587,46.248,901.315,0,fonctionnement_normal_simule
2026-01-01T00:01:08.400000+00:00,simulation_nominale,26.687,46.141,898.45,0,fonctionnement_normal_simule
2026-01-01T00:01:08.600000+00:00,simulation_nominale,26.62,46.132,898.963,0,fonctionnement_normal_simule
2026-01-01T00:01:08.800000+00:00,simulation_nominale,26.593,46.11,901.166,0,fonctionnement_normal_simule
2026-01-01T00:01:09+00:00,simulation_nominale,26.599,46.124,899.336,0,fonctionnement_normal_simule
2026-01-01T00:01:09.200000+00:00,simulation_nominale,26.594,46.135,897.368,0,fonctionnement_normal_simule
2026-01-01T00:01:09.400000+00:00,simulation_nominale,26.534,46.103,895.146,0,fonctionnement_normal_simule
2026-01-01T00:01:09.600000+00:00,simulation_nominale,26.585,46.004,899.178,0,fonctionnement_normal_simule
2026-01-01T00:01:09.800000+00:00,simulation_nominale,26.602,46.114,897.069,0,fonctionnement_normal_simule
2026-01-01T00:01:10+00:00,simulation_nominale,26.583,45.927,895.0,0,fonctionnement_normal_simule
2026-01-01T00:01:10.200000+00:00,simulation_nominale,26.555,46.105,896.96,0,fonctionnement_normal_simule
2026-01-01T00:01:10.400000+00:00,simulation_nominale,26.515,46.081,896.137,0,fonctionnement_normal_simule
2026-01-01T00:01:10.600000+00:00,simulation_nominale,26.507,46.09,896.55,0,fonctionnement_normal_simule
2026-01-01T00:01:10.800000+00:00,simulation_nominale,26.592,46.11,898.366,0,fonctionnement_normal_simule
2026-01-01T00:01:11+00:00,simulation_nominale,26.552,45.982,894.952,0,fonctionnement_normal_simule
2026-01-01T00:01:11.200000+00:00,simulation_nominale,26.474,46.273,894.591,0,fonctionnement_normal_simule
2026-01-01T00:01:11.400000+00:00,simulation_nominale,26.519,46.006,896.114,0,fonctionnement_normal_simule
2026-01-01T00:01:11.600000+00:00,simulation_nominale,26.498,45.878,894.608,0,fonctionnement_normal_simule
2026-01-01T00:01:11.800000+00:00,simulation_nominale,26.46,46.01,895.163,0,fonctionnement_normal_simule
2026-01-01T00:01:12+00:00,simulation_nominale,26.483,46.03,895.294,0,fonctionnement_normal_simule
2026-01-01T00:01:12.200000+00:00,simulation_nominale,26.542,45.975,896.839,0,fonctionnement_normal_simule
2026-01-01T00:01:12.400000+00:00,simulation_nominale,26.445,46.051,895.507,0,fonctionnement_normal_simule
2026-01-01T00:01:12.600000+00:00,simulation_nominale,26.509,46.017,895.899,0,fonctionnement_normal_simule
2026-01-01T00:01:12.800000+00:00,simulation_nominale,26.495,45.953,898.868,0,fonctionnement_normal_simule
2026-01-01T00:01:13+00:00,simulation_nominale,26.518,46.014,893.745,0,fonctionnement_normal_simule
2026-01-01T00:01:13.200000+00:00,simulation_nominale,26.431,45.915,895.546,0,fonctionnement_normal_simule
2026-01-01T00:01:13.400000+00:00,simulation_nominale,26.487,45.889,898.321,0,fonctionnement_normal_simule
2026-01-01T00:01:13.600000+00:00,simulation_nominale,26.463,45.792,894.947,0,fonctionnement_normal_simule
2026-01-01T00:01:13.800000+00:00,simulation_nominale,26.353,45.885,894.731,0,fonctionnement_normal_simule
2026-01-01T00:01:14+00:00,simulation_nominale,26.426,45.911,894.973,0,fonctionnement_normal_simule
2026-01-01T00:01:14.200000+00:00,simulation_nominale,26.421,46.05,898.123,0,fonctionnement_normal_simule
2026-01-01T00:01:14.400000+00:00,simulation_nominale,26.392,46.022,892.384,0,fonctionnement_normal_simule
2026-01-01T00:01:14.600000+00:00,simulation_nominale,26.399,46.036,891.081,0,fonctionnement_normal_simule
2026-01-01T00:01:14.800000+00:00,simulation_nominale,26.449,45.805,895.205,0,fonctionnement_normal_simule
2026-01-01T00:01:15+00:00,simulation_nominale,26.412,46.033,893.806,0,fonctionnement_normal_simule
2026-01-01T00:01:15.200000+00:00,simulation_nominale,26.41,45.94,894.859,0,fonctionnement_normal_simule
2026-01-01T00:01:15.400000+00:00,simulation_nominale,26.374,45.877,895.484,0,fonctionnement_normal_simule
2026-01-01T00:01:15.600000+00:00,simulation_nominale,26.436,45.798,894.334,0,fonctionnement_normal_simule
2026-01-01T00:01:15.800000+00:00,simulation_nominale,26.407,45.852,894.798,0,fonctionnement_normal_simule
2026-01-01T00:01:16+00:00,simulation_nominale,26.387,45.801,893.506,0,fonctionnement_normal_simule
2026-01-01T00:01:16.200000+00:00,simulation_nominale,26.399,45.761,897.373,0,fonctionnement_normal_simule
2026-01-01T00:01:16.400000+00:00,simulation_nominale,26.384,45.739,895.546,0,fonctionnement_normal_simule
2026-01-01T00:01:16.600000+00:00,simulation_nominale,26.375,45.893,897.235,0,fonctionnement_normal_simule
2026-01-01T00:01:16.800000+00:00,simulation_nominale,26.347,45.767,893.644,0,fonctionnement_normal_simule
2026-01-01T00:01:17+00:00,simulation_nominale,26.316,45.756,895.364,0,fonctionnement_normal_simule
2026-01-01T00:01:17.200000+00:00,simulation_nominale,26.35,45.768,893.258,0,fonctionnement_normal_simule
2026-01-01T00:01:17.400000+00:00,simulation_nominale,26.356,45.759,892.594,0,fonctionnement_normal_simule
2026-01-01T00:01:17.600000+00:00,simulation_nominale,26.33,45.769,892.475,0,fonctionnement_normal_simule
2026-01-01T00:01:17.800000+00:00,simulation_nominale,26.362,45.849,894.638,0,fonctionnement_normal_simule
2026-01-01T00:01:18+00:00,simulation_nominale,26.328,45.815,894.436,0,fonctionnement_normal_simule
2026-01-01T00:01:18.200000+00:00,simulation_nominale,26.352,45.897,894.601,0,fonctionnement_normal_simule
2026-01-01T00:01:18.400000+00:00,simulation_nominale,26.327,45.826,893.707,0,fonctionnement_normal_simule
2026-01-01T00:01:18.600000+00:00,simulation_nominale,26.258,45.82,891.189,0,fonctionnement_normal_simule
2026-01-01T00:01:18.800000+00:00,simulation_nominale,26.368,45.808,894.645,0,fonctionnement_normal_simule
2026-01-01T00:01:19+00:00,simulation_nominale,26.292,45.87,892.322,0,fonctionnement_normal_simule
2026-01-01T00:01:19.200000+00:00,simulation_nominale,26.236,45.673,893.636,0,fonctionnement_normal_simule
2026-01-01T00:01:19.400000+00:00,simulation_nominale,26.236,45.725,894.377,0,fonctionnement_normal_simule
2026-01-01T00:01:19.600000+00:00,simulation_nominale,26.237,45.832,891.267,0,fonctionnement_normal_simule
2026-01-01T00:01:19.800000+00:00,simulation_nominale,26.212,45.725,893.583,0,fonctionnement_normal_simule
2026-01-01T00:01:20+00:00,simulation_nominale,26.273,45.636,891.879,0,fonctionnement_normal_simule
2026-01-01T00:01:20.200000+00:00,simulation_nominale,26.223,45.622,894.944,0,fonctionnement_normal_simule
2026-01-01T00:01:20.400000+00:00,simulation_nominale,26.223,45.729,895.018,0,fonctionnement_normal_simule
2026-01-01T00:01:20.600000+00:00,simulation_nominale,26.277,45.731,895.36,0,fonctionnement_normal_simule
2026-01-01T00:01:20.800000+00:00,simulation_nominale,26.26,45.609,893.218,0,fonctionnement_normal_simule
2026-01-01T00:01:21+00:00,simulation_nominale,26.149,45.664,892.344,0,fonctionnement_normal_simule
2026-01-01T00:01:21.200000+00:00,simulation_nominale,26.231,45.674,890.939,0,fonctionnement_normal_simule
2026-01-01T00:01:21.400000+00:00,simulation_nominale,26.168,45.595,892.559,0,fonctionnement_normal_simule
2026-01-01T00:01:21.600000+00:00,simulation_nominale,26.208,45.521,893.641,0,fonctionnement_normal_simule
2026-01-01T00:01:21.800000+00:00,simulation_nominale,26.127,45.432,894.933,0,fonctionnement_normal_simule
2026-01-01T00:01:22+00:00,simulation_nominale,26.136,45.551,890.619,0,fonctionnement_normal_simule
2026-01-01T00:01:22.200000+00:00,simulation_nominale,26.125,45.554,892.588,0,fonctionnement_normal_simule
2026-01-01T00:01:22.400000+00:00,simulation_nominale,26.214,45.613,892.841,0,fonctionnement_normal_simule
2026-01-01T00:01:22.600000+00:00,simulation_nominale,26.198,45.657,894.141,0,fonctionnement_normal_simule
2026-01-01T00:01:22.800000+00:00,simulation_nominale,26.145,45.64,896.812,0,fonctionnement_normal_simule
2026-01-01T00:01:23+00:00,simulation_nominale,26.18,45.691,895.085,0,fonctionnement_normal_simule
2026-01-01T00:01:23.200000+00:00,simulation_nominale,26.181,45.453,890.963,0,fonctionnement_normal_simule
2026-01-01T00:01:23.400000+00:00,simulation_nominale,26.138,45.397,891.962,0,fonctionnement_normal_simule
2026-01-01T00:01:23.600000+00:00,simulation_nominale,26.168,45.468,894.174,0,fonctionnement_normal_simule
2026-01-01T00:01:23.800000+00:00,simulation_nominale,26.072,45.472,895.114,0,fonctionnement_normal_simule
2026-01-01T00:01:24+00:00,simulation_nominale,26.128,45.526,896.437,0,fonctionnement_normal_simule
2026-01-01T00:01:24.200000+00:00,simulation_nominale,26.165,45.423,895.624,0,fonctionnement_normal_simule
2026-01-01T00:01:24.400000+00:00,simulation_nominale,26.081,45.482,892.981,0,fonctionnement_normal_simule
2026-01-01T00:01:24.600000+00:00,simulation_nominale,26.142,45.384,893.817,0,fonctionnement_normal_simule
2026-01-01T00:01:24.800000+00:00,simulation_nominale,26.113,45.53,892.455,0,fonctionnement_normal_simule
2026-01-01T00:01:25+00:00,simulation_nominale,26.125,45.398,895.134,0,fonctionnement_normal_simule
2026-01-01T00:01:25.200000+00:00,simulation_nominale,26.093,45.334,893.621,0,fonctionnement_normal_simule
2026-01-01T00:01:25.400000+00:00,simulation_nominale,26.079,45.408,891.298,0,fonctionnement_normal_simule
2026-01-01T00:01:25.600000+00:00,simulation_nominale,26.055,45.311,896.118,0,fonctionnement_normal_simule
2026-01-01T00:01:25.800000+00:00,simulation_nominale,26.013,45.364,894.993,0,fonctionnement_normal_simule
2026-01-01T00:01:26+00:00,simulation_nominale,26.075,45.465,895.704,0,fonctionnement_normal_simule
2026-01-01T00:01:26.200000+00:00,simulation_nominale,26.032,45.314,894.328,0,fonctionnement_normal_simule
2026-01-01T00:01:26.400000+00:00,simulation_nominale,26.069,45.362,890.077,0,fonctionnement_normal_simule
2026-01-01T00:01:26.600000+00:00,simulation_nominale,26.08,45.424,889.831,0,fonctionnement_normal_simule
2026-01-01T00:01:26.800000+00:00,simulation_nominale,26.055,45.253,891.583,0,fonctionnement_normal_simule
2026-01-01T00:01:27+00:00,simulation_nominale,25.972,45.308,890.853,0,fonctionnement_normal_simule
2026-01-01T00:01:27.200000+00:00,simulation_nominale,25.986,45.407,893.081,0,fonctionnement_normal_simule
2026-01-01T00:01:27.400000+00:00,simulation_nominale,26.029,45.427,891.719,0,fonctionnement_normal_simule
2026-01-01T00:01:27.600000+00:00,simulation_nominale,26.0,45.373,895.851,0,fonctionnement_normal_simule
2026-01-01T00:01:27.800000+00:00,simulation_nominale,26.026,45.43,894.45,0,fonctionnement_normal_simule
2026-01-01T00:01:28+00:00,simulation_nominale,26.025,45.167,894.149,0,fonctionnement_normal_simule
2026-01-01T00:01:28.200000+00:00,simulation_nominale,25.985,45.305,891.308,0,fonctionnement_normal_simule
2026-01-01T00:01:28.400000+00:00,simulation_nominale,25.953,45.324,894.019,0,fonctionnement_normal_simule
2026-01-01T00:01:28.600000+00:00,simulation_nominale,25.903,45.298,891.195,0,fonctionnement_normal_simule
2026-01-01T00:01:28.800000+00:00,simulation_nominale,25.918,45.302,891.638,0,fonctionnement_normal_simule
2026-01-01T00:01:29+00:00,simulation_nominale,25.923,45.2,892.836,0,fonctionnement_normal_simule
2026-01-01T00:01:29.200000+00:00,simulation_nominale,25.942,45.164,890.571,0,fonctionnement_normal_simule
2026-01-01T00:01:29.400000+00:00,simulation_nominale,25.929,45.274,890.134,0,fonctionnement_normal_simule
2026-01-01T00:01:29.600000+00:00,simulation_nominale,25.949,45.166,897.671,0,fonctionnement_normal_simule
2026-01-01T00:01:29.800000+00:00,simulation_nominale,25.885,45.158,892.585,0,fonctionnement_normal_simule
2026-01-01T00:01:30+00:00,simulation_nominale,25.88,45.278,895.783,0,fonctionnement_normal_simule
2026-01-01T00:01:30.200000+00:00,simulation_nominale,25.894,45.216,891.128,0,fonctionnement_normal_simule
2026-01-01T00:01:30.400000+00:00,simulation_nominale,25.903,45.306,893.936,0,fonctionnement_normal_simule
2026-01-01T00:01:30.600000+00:00,simulation_nominale,25.86,45.306,894.457,0,fonctionnement_normal_simule
2026-01-01T00:01:30.800000+00:00,simulation_nominale,25.909,45.119,892.25,0,fonctionnement_normal_simule
2026-01-01T00:01:31+00:00,simulation_nominale,25.851,45.199,891.472,0,fonctionnement_normal_simule
2026-01-01T00:01:31.200000+00:00,simulation_nominale,25.787,45.226,892.476,0,fonctionnement_normal_simule
2026-01-01T00:01:31.400000+00:00,simulation_nominale,25.913,45.131,892.458,0,fonctionnement_normal_simule
2026-01-01T00:01:31.600000+00:00,simulation_nominale,25.908,45.163,892.646,0,fonctionnement_normal_simule
2026-01-01T00:01:31.800000+00:00,simulation_nominale,25.986,45.109,892.398,0,fonctionnement_normal_simule
2026-01-01T00:01:32+00:00,simulation_nominale,25.92,45.048,889.968,0,fonctionnement_normal_simule
2026-01-01T00:01:32.200000+00:00,simulation_nominale,25.787,45.145,893.293,0,fonctionnement_normal_simule
2026-01-01T00:01:32.400000+00:00,simulation_nominale,25.867,44.984,894.046,0,fonctionnement_normal_simule
2026-01-01T00:01:32.600000+00:00,simulation_nominale,25.879,45.075,892.092,0,fonctionnement_normal_simule
2026-01-01T00:01:32.800000+00:00,simulation_nominale,25.852,45.102,893.305,0,fonctionnement_normal_simule
2026-01-01T00:01:33+00:00,simulation_nominale,25.775,45.048,889.591,0,fonctionnement_normal_simule
2026-01-01T00:01:33.200000+00:00,simulation_nominale,25.838,45.095,891.813,0,fonctionnement_normal_simule
2026-01-01T00:01:33.400000+00:00,simulation_nominale,25.818,44.918,893.723,0,fonctionnement_normal_simule
2026-01-01T00:01:33.600000+00:00,simulation_nominale,25.781,45.043,894.235,0,fonctionnement_normal_simule
2026-01-01T00:01:33.800000+00:00,simulation_nominale,25.763,45.118,892.25,0,fonctionnement_normal_simule
2026-01-01T00:01:34+00:00,simulation_nominale,25.788,45.057,889.507,0,fonctionnement_normal_simule
2026-01-01T00:01:34.200000+00:00,simulation_nominale,25.805,45.007,894.073,0,fonctionnement_normal_simule
2026-01-01T00:01:34.400000+00:00,simulation_nominale,25.766,44.963,892.74,0,fonctionnement_normal_simule
2026-01-01T00:01:34.600000+00:00,simulation_nominale,25.766,44.888,891.613,0,fonctionnement_normal_simule
2026-01-01T00:01:34.800000+00:00,simulation_nominale,25.813,44.965,890.262,0,fonctionnement_normal_simule
2026-01-01T00:01:35+00:00,simulation_nominale,25.785,44.814,887.765,0,fonctionnement_normal_simule
2026-01-01T00:01:35.200000+00:00,simulation_nominale,25.75,44.967,892.45,0,fonctionnement_normal_simule
2026-01-01T00:01:35.400000+00:00,simulation_nominale,25.708,44.93,889.216,0,fonctionnement_normal_simule
2026-01-01T00:01:35.600000+00:00,simulation_nominale,25.747,44.803,891.72,0,fonctionnement_normal_simule
2026-01-01T00:01:35.800000+00:00,simulation_nominale,25.742,44.782,890.979,0,fonctionnement_normal_simule
2026-01-01T00:01:36+00:00,simulation_nominale,25.757,45.036,889.023,0,fonctionnement_normal_simule
2026-01-01T00:01:36.200000+00:00,simulation_nominale,25.734,44.804,889.348,0,fonctionnement_normal_simule
2026-01-01T00:01:36.400000+00:00,simulation_nominale,25.778,44.946,890.438,0,fonctionnement_normal_simule
2026-01-01T00:01:36.600000+00:00,simulation_nominale,25.717,44.934,892.418,0,fonctionnement_normal_simule
2026-01-01T00:01:36.800000+00:00,simulation_nominale,25.792,44.921,886.079,0,fonctionnement_normal_simule
2026-01-01T00:01:37+00:00,simulation_nominale,25.685,44.804,891.667,0,fonctionnement_normal_simule
2026-01-01T00:01:37.200000+00:00,simulation_nominale,25.691,44.801,889.917,0,fonctionnement_normal_simule
2026-01-01T00:01:37.400000+00:00,simulation_nominale,25.739,44.89,890.758,0,fonctionnement_normal_simule
2026-01-01T00:01:37.600000+00:00,simulation_nominale,25.706,44.887,894.647,0,fonctionnement_normal_simule
2026-01-01T00:01:37.800000+00:00,simulation_nominale,25.631,44.885,890.91,0,fonctionnement_normal_simule
2026-01-01T00:01:38+00:00,simulation_nominale,25.714,44.797,887.597,0,fonctionnement_normal_simule
2026-01-01T00:01:38.200000+00:00,simulation_nominale,25.663,44.66,891.721,0,fonctionnement_normal_simule
2026-01-01T00:01:38.400000+00:00,simulation_nominale,25.654,44.761,889.198,0,fonctionnement_normal_simule
2026-01-01T00:01:38.600000+00:00,simulation_nominale,25.606,44.716,891.692,0,fonctionnement_normal_simule
2026-01-01T00:01:38.800000+00:00,simulation_nominale,25.697,44.83,891.262,0,fonctionnement_normal_simule
2026-01-01T00:01:39+00:00,simulation_nominale,25.69,44.654,893.595,0,fonctionnement_normal_simule
2026-01-01T00:01:39.200000+00:00,simulation_nominale,25.627,44.772,893.521,0,fonctionnement_normal_simule
2026-01-01T00:01:39.400000+00:00,simulation_nominale,25.601,44.808,892.245,0,fonctionnement_normal_simule
2026-01-01T00:01:39.600000+00:00,simulation_nominale,25.72,44.709,894.823,0,fonctionnement_normal_simule
2026-01-01T00:01:39.800000+00:00,simulation_nominale,25.644,44.63,895.028,0,fonctionnement_normal_simule
2026-01-01T00:01:40+00:00,simulation_nominale,25.57,44.536,894.035,0,fonctionnement_normal_simule
2026-01-01T00:01:40.200000+00:00,simulation_nominale,25.65,44.708,891.83,0,fonctionnement_normal_simule
2026-01-01T00:01:40.400000+00:00,simulation_nominale,25.665,44.751,891.064,0,fonctionnement_normal_simule
2026-01-01T00:01:40.600000+00:00,simulation_nominale,25.626,44.585,891.282,0,fonctionnement_normal_simule
2026-01-01T00:01:40.800000+00:00,simulation_nominale,25.549,44.499,890.071,0,fonctionnement_normal_simule
2026-01-01T00:01:41+00:00,simulation_nominale,25.635,44.577,891.352,0,fonctionnement_normal_simule
2026-01-01T00:01:41.200000+00:00,simulation_nominale,25.534,44.725,892.481,0,fonctionnement_normal_simule
2026-01-01T00:01:41.400000+00:00,simulation_nominale,25.595,44.637,890.164,0,fonctionnement_normal_simule
2026-01-01T00:01:41.600000+00:00,simulation_nominale,25.532,44.703,892.42,0,fonctionnement_normal_simule
2026-01-01T00:01:41.800000+00:00,simulation_nominale,25.596,44.373,894.784,0,fonctionnement_normal_simule
2026-01-01T00:01:42+00:00,simulation_nominale,25.541,44.791,891.572,0,fonctionnement_normal_simule
2026-01-01T00:01:42.200000+00:00,simulation_nominale,25.557,44.66,890.873,0,fonctionnement_normal_simule
2026-01-01T00:01:42.400000+00:00,simulation_nominale,25.585,44.546,895.234,0,fonctionnement_normal_simule
2026-01-01T00:01:42.600000+00:00,simulation_nominale,25.577,44.627,891.239,0,fonctionnement_normal_simule
2026-01-01T00:01:42.800000+00:00,simulation_nominale,25.532,44.602,888.654,0,fonctionnement_normal_simule
2026-01-01T00:01:43+00:00,simulation_nominale,25.514,44.644,890.218,0,fonctionnement_normal_simule
2026-01-01T00:01:43.200000+00:00,simulation_nominale,25.582,44.509,893.435,0,fonctionnement_normal_simule
2026-01-01T00:01:43.400000+00:00,simulation_nominale,25.481,44.588,893.749,0,fonctionnement_normal_simule
2026-01-01T00:01:43.600000+00:00,simulation_nominale,25.567,44.648,895.366,0,fonctionnement_normal_simule
2026-01-01T00:01:43.800000+00:00,simulation_nominale,25.525,44.432,895.543,0,fonctionnement_normal_simule
2026-01-01T00:01:44+00:00,simulation_nominale,25.46,44.486,894.407,0,fonctionnement_normal_simule
2026-01-01T00:01:44.200000+00:00,simulation_nominale,25.526,44.639,892.962,0,fonctionnement_normal_simule
2026-01-01T00:01:44.400000+00:00,simulation_nominale,25.436,44.48,893.357,0,fonctionnement_normal_simule
2026-01-01T00:01:44.600000+00:00,simulation_nominale,25.485,44.606,892.553,0,fonctionnement_normal_simule
2026-01-01T00:01:44.800000+00:00,simulation_nominale,25.437,44.521,890.793,0,fonctionnement_normal_simule
2026-01-01T00:01:45+00:00,simulation_nominale,25.558,44.495,890.322,0,fonctionnement_normal_simule
2026-01-01T00:01:45.200000+00:00,simulation_nominale,25.529,44.654,889.162,0,fonctionnement_normal_simule
2026-01-01T00:01:45.400000+00:00,simulation_nominale,25.517,44.494,893.563,0,fonctionnement_normal_simule
2026-01-01T00:01:45.600000+00:00,simulation_nominale,25.491,44.485,891.868,0,fonctionnement_normal_simule
2026-01-01T00:01:45.800000+00:00,simulation_nominale,25.529,44.329,897.215,0,fonctionnement_normal_simule
2026-01-01T00:01:46+00:00,simulation_nominale,25.53,44.332,893.331,0,fonctionnement_normal_simule
2026-01-01T00:01:46.200000+00:00,simulation_nominale,25.521,44.379,893.062,0,fonctionnement_normal_simule
2026-01-01T00:01:46.400000+00:00,simulation_nominale,25.444,44.502,892.217,0,fonctionnement_normal_simule
2026-01-01T00:01:46.600000+00:00,simulation_nominale,25.456,44.443,893.063,0,fonctionnement_normal_simule
2026-01-01T00:01:46.800000+00:00,simulation_nominale,25.418,44.283,890.488,0,fonctionnement_normal_simule
2026-01-01T00:01:47+00:00,simulation_nominale,25.401,44.244,892.118,0,fonctionnement_normal_simule
2026-01-01T00:01:47.200000+00:00,simulation_nominale,25.456,44.377,891.967,0,fonctionnement_normal_simule
2026-01-01T00:01:47.400000+00:00,simulation_nominale,25.4,44.284,890.893,0,fonctionnement_normal_simule
2026-01-01T00:01:47.600000+00:00,simulation_nominale,25.387,44.411,890.908,0,fonctionnement_normal_simule
2026-01-01T00:01:47.800000+00:00,simulation_nominale,25.434,44.296,898.623,0,fonctionnement_normal_simule
2026-01-01T00:01:48+00:00,simulation_nominale,25.357,44.352,893.15,0,fonctionnement_normal_simule
2026-01-01T00:01:48.200000+00:00,simulation_nominale,25.395,44.352,894.18,0,fonctionnement_normal_simule
2026-01-01T00:01:48.400000+00:00,simulation_nominale,25.379,44.352,894.699,0,fonctionnement_normal_simule
2026-01-01T00:01:48.600000+00:00,simulation_nominale,25.471,44.261,896.914,0,fonctionnement_normal_simule
2026-01-01T00:01:48.800000+00:00,simulation_nominale,25.407,44.143,895.072,0,fonctionnement_normal_simule
2026-01-01T00:01:49+00:00,simulation_nominale,25.408,44.221,895.946,0,fonctionnement_normal_simule
2026-01-01T00:01:49.200000+00:00,simulation_nominale,25.389,44.364,893.968,0,fonctionnement_normal_simule
2026-01-01T00:01:49.400000+00:00,simulation_nominale,25.434,44.329,895.134,0,fonctionnement_normal_simule
2026-01-01T00:01:49.600000+00:00,simulation_nominale,25.36,44.339,894.287,0,fonctionnement_normal_simule
2026-01-01T00:01:49.800000+00:00,simulation_nominale,25.478,44.295,895.802,0,fonctionnement_normal_simule
2026-01-01T00:01:50+00:00,simulation_nominale,25.364,44.216,894.549,0,fonctionnement_normal_simule
2026-01-01T00:01:50.200000+00:00,simulation_nominale,25.344,44.146,894.195,0,fonctionnement_normal_simule
2026-01-01T00:01:50.400000+00:00,simulation_nominale,25.385,44.247,896.704,0,fonctionnement_normal_simule
2026-01-01T00:01:50.600000+00:00,simulation_nominale,25.369,44.277,894.239,0,fonctionnement_normal_simule
2026-01-01T00:01:50.800000+00:00,simulation_nominale,25.374,44.234,890.451,0,fonctionnement_normal_simule
2026-01-01T00:01:51+00:00,simulation_nominale,25.381,44.154,892.786,0,fonctionnement_normal_simule
2026-01-01T00:01:51.200000+00:00,simulation_nominale,25.3,44.161,890.951,0,fonctionnement_normal_simule
2026-01-01T00:01:51.400000+00:00,simulation_nominale,25.408,44.169,891.402,0,fonctionnement_normal_simule
2026-01-01T00:01:51.600000+00:00,simulation_nominale,25.343,44.24,893.637,0,fonctionnement_normal_simule
2026-01-01T00:01:51.800000+00:00,simulation_nominale,25.356,44.142,894.632,0,fonctionnement_normal_simule
2026-01-01T00:01:52+00:00,simulation_nominale,25.296,44.16,893.834,0,fonctionnement_normal_simule
2026-01-01T00:01:52.200000+00:00,simulation_nominale,25.48,44.138,894.101,0,fonctionnement_normal_simule
2026-01-01T00:01:52.400000+00:00,simulation_nominale,25.398,44.134,895.582,0,fonctionnement_normal_simule
2026-01-01T00:01:52.600000+00:00,simulation_nominale,25.321,44.263,893.883,0,fonctionnement_normal_simule
2026-01-01T00:01:52.800000+00:00,simulation_nominale,25.369,44.221,894.593,0,fonctionnement_normal_simule
2026-01-01T00:01:53+00:00,simulation_nominale,25.351,44.169,896.632,0,fonctionnement_normal_simule
2026-01-01T00:01:53.200000+00:00,simulation_nominale,25.305,44.129,893.44,0,fonctionnement_normal_simule
2026-01-01T00:01:53.400000+00:00,simulation_nominale,25.316,44.054,897.828,0,fonctionnement_normal_simule
2026-01-01T00:01:53.600000+00:00,simulation_nominale,25.408,44.307,895.349,0,fonctionnement_normal_simule
2026-01-01T00:01:53.800000+00:00,simulation_nominale,25.308,44.013,898.743,0,fonctionnement_normal_simule
2026-01-01T00:01:54+00:00,simulation_nominale,25.278,44.057,894.462,0,fonctionnement_normal_simule
2026-01-01T00:01:54.200000+00:00,simulation_nominale,25.407,43.993,897.865,0,fonctionnement_normal_simule
2026-01-01T00:01:54.400000+00:00,simulation_nominale,25.387,44.053,896.66,0,fonctionnement_normal_simule
2026-01-01T00:01:54.600000+00:00,simulation_nominale,25.271,44.052,895.367,0,fonctionnement_normal_simule
2026-01-01T00:01:54.800000+00:00,simulation_nominale,25.228,44.084,896.575,0,fonctionnement_normal_simule
2026-01-01T00:01:55+00:00,simulation_nominale,25.261,43.93,894.435,0,fonctionnement_normal_simule
2026-01-01T00:01:55.200000+00:00,simulation_nominale,25.306,44.011,894.087,0,fonctionnement_normal_simule
2026-01-01T00:01:55.400000+00:00,simulation_nominale,25.285,44.052,895.122,0,fonctionnement_normal_simule
2026-01-01T00:01:55.600000+00:00,simulation_nominale,25.319,44.002,897.057,0,fonctionnement_normal_simule
2026-01-01T00:01:55.800000+00:00,simulation_nominale,25.315,44.082,896.419,0,fonctionnement_normal_simule
2026-01-01T00:01:56+00:00,simulation_nominale,25.355,44.105,893.362,0,fonctionnement_normal_simule
2026-01-01T00:01:56.200000+00:00,simulation_nominale,25.355,44.14,894.409,0,fonctionnement_normal_simule
2026-01-01T00:01:56.400000+00:00,simulation_nominale,25.315,43.962,897.307,0,fonctionnement_normal_simule
2026-01-01T00:01:56.600000+00:00,simulation_nominale,25.336,43.929,899.122,0,fonctionnement_normal_simule
2026-01-01T00:01:56.800000+00:00,simulation_nominale,25.279,43.965,898.617,0,fonctionnement_normal_simule
2026-01-01T00:01:57+00:00,simulation_nominale,25.39,43.927,898.206,0,fonctionnement_normal_simule
2026-01-01T00:01:57.200000+00:00,simulation_nominale,25.319,43.835,894.804,0,fonctionnement_normal_simule
2026-01-01T00:01:57.400000+00:00,simulation_nominale,25.261,43.914,895.954,0,fonctionnement_normal_simule
2026-01-01T00:01:57.600000+00:00,simulation_nominale,25.309,44.049,897.706,0,fonctionnement_normal_simule
2026-01-01T00:01:57.800000+00:00,simulation_nominale,25.413,43.92,898.513,0,fonctionnement_normal_simule
2026-01-01T00:01:58+00:00,simulation_nominale,25.322,44.053,896.252,0,fonctionnement_normal_simule
2026-01-01T00:01:58.200000+00:00,simulation_nominale,25.338,44.056,895.642,0,fonctionnement_normal_simule
2026-01-01T00:01:58.400000+00:00,simulation_nominale,25.3,43.959,896.288,0,fonctionnement_normal_simule
2026-01-01T00:01:58.600000+00:00,simulation_nominale,25.267,44.058,896.774,0,fonctionnement_normal_simule
2026-01-01T00:01:58.800000+00:00,simulation_nominale,25.371,43.864,896.894,0,fonctionnement_normal_simule
2026-01-01T00:01:59+00:00,simulation_nominale,25.332,43.882,895.586,0,fonctionnement_normal_simule
2026-01-01T00:01:59.200000+00:00,simulation_nominale,25.271,43.913,896.127,0,fonctionnement_normal_simule
2026-01-01T00:01:59.400000+00:00,simulation_nominale,25.302,43.704,896.419,0,fonctionnement_normal_simule
2026-01-01T00:01:59.600000+00:00,simulation_nominale,25.291,43.837,895.624,0,fonctionnement_normal_simule
2026-01-01T00:01:59.800000+00:00,simulation_nominale,25.262,43.877,900.662,0,fonctionnement_normal_simule
2026-01-01T00:02:00+00:00,simulation_nominale,25.241,43.843,899.719,0,fonctionnement_normal_simule
2026-01-01T00:02:00.200000+00:00,simulation_nominale,25.31,43.851,896.94,0,fonctionnement_normal_simule
2026-01-01T00:02:00.400000+00:00,simulation_nominale,25.296,43.844,893.546,0,fonctionnement_normal_simule
2026-01-01T00:02:00.600000+00:00,simulation_nominale,25.267,43.689,900.578,0,fonctionnement_normal_simule
2026-01-01T00:02:00.800000+00:00,simulation_nominale,25.328,43.776,899.683,0,fonctionnement_normal_simule
2026-01-01T00:02:01+00:00,simulation_nominale,25.393,43.783,900.75,0,fonctionnement_normal_simule
2026-01-01T00:02:01.200000+00:00,simulation_nominale,25.309,43.808,896.017,0,fonctionnement_normal_simule
2026-01-01T00:02:01.400000+00:00,simulation_nominale,25.272,43.789,893.676,0,fonctionnement_normal_simule
2026-01-01T00:02:01.600000+00:00,simulation_nominale,25.315,43.788,899.304,0,fonctionnement_normal_simule
2026-01-01T00:02:01.800000+00:00,simulation_nominale,25.277,44.048,895.15,0,fonctionnement_normal_simule
2026-01-01T00:02:02+00:00,simulation_nominale,25.257,43.858,903.26,0,fonctionnement_normal_simule
2026-01-01T00:02:02.200000+00:00,simulation_nominale,25.254,43.942,896.787,0,fonctionnement_normal_simule
2026-01-01T00:02:02.400000+00:00,simulation_nominale,25.346,43.796,903.16,0,fonctionnement_normal_simule
2026-01-01T00:02:02.600000+00:00,simulation_nominale,25.365,43.732,904.651,0,fonctionnement_normal_simule
2026-01-01T00:02:02.800000+00:00,simulation_nominale,25.249,43.753,902.474,0,fonctionnement_normal_simule
2026-01-01T00:02:03+00:00,simulation_nominale,25.265,43.721,899.199,0,fonctionnement_normal_simule
2026-01-01T00:02:03.200000+00:00,simulation_nominale,25.313,43.798,897.526,0,fonctionnement_normal_simule
2026-01-01T00:02:03.400000+00:00,simulation_nominale,25.303,43.812,902.104,0,fonctionnement_normal_simule
2026-01-01T00:02:03.600000+00:00,simulation_nominale,25.309,43.655,899.233,0,fonctionnement_normal_simule
2026-01-01T00:02:03.800000+00:00,simulation_nominale,25.271,43.856,895.905,0,fonctionnement_normal_simule
2026-01-01T00:02:04+00:00,simulation_nominale,25.319,43.659,901.879,0,fonctionnement_normal_simule
2026-01-01T00:02:04.200000+00:00,simulation_nominale,25.328,43.757,900.425,0,fonctionnement_normal_simule
2026-01-01T00:02:04.400000+00:00,simulation_nominale,25.284,43.788,899.396,0,fonctionnement_normal_simule
2026-01-01T00:02:04.600000+00:00,simulation_nominale,25.328,43.733,894.612,0,fonctionnement_normal_simule
2026-01-01T00:02:04.800000+00:00,simulation_nominale,25.279,43.844,902.56,0,fonctionnement_normal_simule
2026-01-01T00:02:05+00:00,simulation_nominale,25.304,43.708,899.064,0,fonctionnement_normal_simule
2026-01-01T00:02:05.200000+00:00,simulation_nominale,25.326,43.759,897.856,0,fonctionnement_normal_simule
2026-01-01T00:02:05.400000+00:00,simulation_nominale,25.329,43.806,897.985,0,fonctionnement_normal_simule
2026-01-01T00:02:05.600000+00:00,simulation_nominale,25.296,43.74,901.42,0,fonctionnement_normal_simule
2026-01-01T00:02:05.800000+00:00,simulation_nominale,25.287,43.655,899.127,0,fonctionnement_normal_simule
2026-01-01T00:02:06+00:00,simulation_nominale,25.321,43.727,900.096,0,fonctionnement_normal_simule
2026-01-01T00:02:06.200000+00:00,simulation_nominale,25.252,43.601,901.488,0,fonctionnement_normal_simule
2026-01-01T00:02:06.400000+00:00,simulation_nominale,25.259,43.701,899.573,0,fonctionnement_normal_simule
2026-01-01T00:02:06.600000+00:00,simulation_nominale,25.285,43.68,903.727,0,fonctionnement_normal_simule
2026-01-01T00:02:06.800000+00:00,simulation_nominale,25.322,43.65,897.508,0,fonctionnement_normal_simule
2026-01-01T00:02:07+00:00,simulation_nominale,25.332,43.76,901.749,0,fonctionnement_normal_simule
2026-01-01T00:02:07.200000+00:00,simulation_nominale,25.36,43.702,898.007,0,fonctionnement_normal_simule
2026-01-01T00:02:07.400000+00:00,simulation_nominale,25.313,43.702,902.136,0,fonctionnement_normal_simule
2026-01-01T00:02:07.600000+00:00,simulation_nominale,25.297,43.65,901.505,0,fonctionnement_normal_simule
2026-01-01T00:02:07.800000+00:00,simulation_nominale,25.369,43.731,902.146,0,fonctionnement_normal_simule
2026-01-01T00:02:08+00:00,simulation_nominale,25.336,43.565,898.73,0,fonctionnement_normal_simule
2026-01-01T00:02:08.200000+00:00,simulation_nominale,25.318,43.726,901.803,0,fonctionnement_normal_simule
2026-01-01T00:02:08.400000+00:00,simulation_nominale,25.346,43.518,898.168,0,fonctionnement_normal_simule
2026-01-01T00:02:08.600000+00:00,simulation_nominale,25.37,43.631,898.543,0,fonctionnement_normal_simule
2026-01-01T00:02:08.800000+00:00,simulation_nominale,25.363,43.65,907.152,0,fonctionnement_normal_simule
2026-01-01T00:02:09+00:00,simulation_nominale,25.379,43.653,901.026,0,fonctionnement_normal_simule
2026-01-01T00:02:09.200000+00:00,simulation_nominale,25.341,43.614,898.53,0,fonctionnement_normal_simule
2026-01-01T00:02:09.400000+00:00,simulation_nominale,25.371,43.64,895.976,0,fonctionnement_normal_simule
2026-01-01T00:02:09.600000+00:00,simulation_nominale,25.31,43.548,903.526,0,fonctionnement_normal_simule
2026-01-01T00:02:09.800000+00:00,simulation_nominale,25.336,43.729,898.46,0,fonctionnement_normal_simule
2026-01-01T00:02:10+00:00,simulation_nominale,25.297,43.692,900.411,0,fonctionnement_normal_simule
2026-01-01T00:02:10.200000+00:00,simulation_nominale,25.3,43.561,900.279,0,fonctionnement_normal_simule
2026-01-01T00:02:10.400000+00:00,simulation_nominale,25.367,43.689,898.703,0,fonctionnement_normal_simule
2026-01-01T00:02:10.600000+00:00,simulation_nominale,25.336,43.597,902.119,0,fonctionnement_normal_simule
2026-01-01T00:02:10.800000+00:00,simulation_nominale,25.383,43.602,900.872,0,fonctionnement_normal_simule
2026-01-01T00:02:11+00:00,simulation_nominale,25.308,43.443,901.367,0,fonctionnement_normal_simule
2026-01-01T00:02:11.200000+00:00,simulation_nominale,25.356,43.659,901.431,0,fonctionnement_normal_simule
2026-01-01T00:02:11.400000+00:00,simulation_nominale,25.451,43.576,901.297,0,fonctionnement_normal_simule
2026-01-01T00:02:11.600000+00:00,simulation_nominale,25.376,43.501,902.758,0,fonctionnement_normal_simule
2026-01-01T00:02:11.800000+00:00,simulation_nominale,25.281,43.63,902.55,0,fonctionnement_normal_simule
2026-01-01T00:02:12+00:00,simulation_nominale,25.375,43.585,899.945,0,fonctionnement_normal_simule
2026-01-01T00:02:12.200000+00:00,simulation_nominale,25.333,43.695,903.557,0,fonctionnement_normal_simule
2026-01-01T00:02:12.400000+00:00,simulation_nominale,25.349,43.6,903.459,0,fonctionnement_normal_simule
2026-01-01T00:02:12.600000+00:00,simulation_nominale,25.454,43.652,903.542,0,fonctionnement_normal_simule
2026-01-01T00:02:12.800000+00:00,simulation_nominale,25.361,43.704,902.591,0,fonctionnement_normal_simule
2026-01-01T00:02:13+00:00,simulation_nominale,25.347,43.46,901.144,0,fonctionnement_normal_simule
2026-01-01T00:02:13.200000+00:00,simulation_nominale,25.37,43.617,904.77,0,fonctionnement_normal_simule
2026-01-01T00:02:13.400000+00:00,simulation_nominale,25.434,43.565,904.681,0,fonctionnement_normal_simule
2026-01-01T00:02:13.600000+00:00,simulation_nominale,25.482,43.623,906.298,0,fonctionnement_normal_simule
2026-01-01T00:02:13.800000+00:00,simulation_nominale,25.335,43.488,901.663,0,fonctionnement_normal_simule
2026-01-01T00:02:14+00:00,simulation_nominale,25.291,43.551,906.024,0,fonctionnement_normal_simule
2026-01-01T00:02:14.200000+00:00,simulation_nominale,25.381,43.558,901.604,0,fonctionnement_normal_simule
2026-01-01T00:02:14.400000+00:00,simulation_nominale,25.386,43.563,900.993,0,fonctionnement_normal_simule
2026-01-01T00:02:14.600000+00:00,simulation_nominale,25.456,43.385,904.101,0,fonctionnement_normal_simule
2026-01-01T00:02:14.800000+00:00,simulation_nominale,25.393,43.655,905.052,0,fonctionnement_normal_simule
2026-01-01T00:02:15+00:00,simulation_nominale,25.333,43.34,901.598,0,fonctionnement_normal_simule
2026-01-01T00:02:15.200000+00:00,simulation_nominale,25.4,43.517,903.732,0,fonctionnement_normal_simule
2026-01-01T00:02:15.400000+00:00,simulation_nominale,25.451,43.42,900.141,0,fonctionnement_normal_simule
2026-01-01T00:02:15.600000+00:00,simulation_nominale,25.438,43.499,903.606,0,fonctionnement_normal_simule
2026-01-01T00:02:15.800000+00:00,simulation_nominale,25.406,43.512,906.856,0,fonctionnement_normal_simule
2026-01-01T00:02:16+00:00,simulation_nominale,25.371,43.426,905.236,0,fonctionnement_normal_simule
2026-01-01T00:02:16.200000+00:00,simulation_nominale,25.503,43.506,901.497,0,fonctionnement_normal_simule
2026-01-01T00:02:16.400000+00:00,simulation_nominale,25.364,43.541,901.593,0,fonctionnement_normal_simule
2026-01-01T00:02:16.600000+00:00,simulation_nominale,25.535,43.706,904.612,0,fonctionnement_normal_simule
2026-01-01T00:02:16.800000+00:00,simulation_nominale,25.472,43.508,906.511,0,fonctionnement_normal_simule
2026-01-01T00:02:17+00:00,simulation_nominale,25.457,43.521,907.016,0,fonctionnement_normal_simule
2026-01-01T00:02:17.200000+00:00,simulation_nominale,25.486,43.685,901.089,0,fonctionnement_normal_simule
2026-01-01T00:02:17.400000+00:00,simulation_nominale,25.443,43.441,906.113,0,fonctionnement_normal_simule
2026-01-01T00:02:17.600000+00:00,simulation_nominale,25.45,43.56,902.158,0,fonctionnement_normal_simule
2026-01-01T00:02:17.800000+00:00,simulation_nominale,25.471,43.694,907.839,0,fonctionnement_normal_simule
2026-01-01T00:02:18+00:00,simulation_nominale,25.404,43.539,906.28,0,fonctionnement_normal_simule
2026-01-01T00:02:18.200000+00:00,simulation_nominale,25.464,43.42,906.017,0,fonctionnement_normal_simule
2026-01-01T00:02:18.400000+00:00,simulation_nominale,25.492,43.552,904.441,0,fonctionnement_normal_simule
2026-01-01T00:02:18.600000+00:00,simulation_nominale,25.586,43.433,903.829,0,fonctionnement_normal_simule
2026-01-01T00:02:18.800000+00:00,simulation_nominale,25.518,43.564,902.127,0,fonctionnement_normal_simule
2026-01-01T00:02:19+00:00,simulation_nominale,25.554,43.388,904.961,0,fonctionnement_normal_simule
2026-01-01T00:02:19.200000+00:00,simulation_nominale,25.495,43.447,907.277,0,fonctionnement_normal_simule
2026-01-01T00:02:19.400000+00:00,simulation_nominale,25.418,43.445,903.267,0,fonctionnement_normal_simule
2026-01-01T00:02:19.600000+00:00,simulation_nominale,25.552,43.627,906.685,0,fonctionnement_normal_simule
2026-01-01T00:02:19.800000+00:00,simulation_nominale,25.578,43.324,905.523,0,fonctionnement_normal_simule
2026-01-01T00:02:20+00:00,simulation_nominale,25.472,43.472,905.745,0,fonctionnement_normal_simule
2026-01-01T00:02:20.200000+00:00,simulation_nominale,25.536,43.611,901.359,0,fonctionnement_normal_simule
2026-01-01T00:02:20.400000+00:00,simulation_nominale,25.504,43.382,902.098,0,fonctionnement_normal_simule
2026-01-01T00:02:20.600000+00:00,simulation_nominale,25.583,43.515,908.548,0,fonctionnement_normal_simule
2026-01-01T00:02:20.800000+00:00,simulation_nominale,25.596,43.506,903.554,0,fonctionnement_normal_simule
2026-01-01T00:02:21+00:00,simulation_nominale,25.593,43.445,903.152,0,fonctionnement_normal_simule
2026-01-01T00:02:21.200000+00:00,simulation_nominale,25.513,43.51,908.139,0,fonctionnement_normal_simule
2026-01-01T00:02:21.400000+00:00,simulation_nominale,25.566,43.598,905.848,0,fonctionnement_normal_simule
2026-01-01T00:02:21.600000+00:00,simulation_nominale,25.553,43.718,909.363,0,fonctionnement_normal_simule
2026-01-01T00:02:21.800000+00:00,simulation_nominale,25.583,43.434,902.559,0,fonctionnement_normal_simule
2026-01-01T00:02:22+00:00,simulation_nominale,25.597,43.48,906.766,0,fonctionnement_normal_simule
2026-01-01T00:02:22.200000+00:00,simulation_nominale,25.599,43.535,908.171,0,fonctionnement_normal_simule
2026-01-01T00:02:22.400000+00:00,simulation_nominale,25.605,43.443,904.399,0,fonctionnement_normal_simule
2026-01-01T00:02:22.600000+00:00,simulation_nominale,25.621,43.416,907.43,0,fonctionnement_normal_simule
2026-01-01T00:02:22.800000+00:00,simulation_nominale,25.632,43.498,904.483,0,fonctionnement_normal_simule
2026-01-01T00:02:23+00:00,simulation_nominale,25.538,43.412,902.846,0,fonctionnement_normal_simule
2026-01-01T00:02:23.200000+00:00,simulation_nominale,25.616,43.467,904.308,0,fonctionnement_normal_simule
2026-01-01T00:02:23.400000+00:00,simulation_nominale,25.656,43.514,906.296,0,fonctionnement_normal_simule
2026-01-01T00:02:23.600000+00:00,simulation_nominale,25.649,43.587,903.045,0,fonctionnement_normal_simule
2026-01-01T00:02:23.800000+00:00,simulation_nominale,25.661,43.36,904.712,0,fonctionnement_normal_simule
2026-01-01T00:02:24+00:00,simulation_nominale,25.679,43.561,907.679,0,fonctionnement_normal_simule
2026-01-01T00:02:24.200000+00:00,simulation_nominale,25.652,43.62,903.316,0,fonctionnement_normal_simule
2026-01-01T00:02:24.400000+00:00,simulation_nominale,25.639,43.511,910.516,0,fonctionnement_normal_simule
2026-01-01T00:02:24.600000+00:00,simulation_nominale,25.698,43.592,904.97,0,fonctionnement_normal_simule
2026-01-01T00:02:24.800000+00:00,simulation_nominale,25.753,43.548,904.527,0,fonctionnement_normal_simule
2026-01-01T00:02:25+00:00,simulation_nominale,25.763,43.397,904.847,0,fonctionnement_normal_simule
2026-01-01T00:02:25.200000+00:00,simulation_nominale,25.666,43.434,907.684,0,fonctionnement_normal_simule
2026-01-01T00:02:25.400000+00:00,simulation_nominale,25.693,43.523,910.462,0,fonctionnement_normal_simule
2026-01-01T00:02:25.600000+00:00,simulation_nominale,25.623,43.624,905.069,0,fonctionnement_normal_simule
2026-01-01T00:02:25.800000+00:00,simulation_nominale,25.753,43.669,911.364,0,fonctionnement_normal_simule
2026-01-01T00:02:26+00:00,simulation_nominale,25.693,43.425,907.459,0,fonctionnement_normal_simule
2026-01-01T00:02:26.200000+00:00,simulation_nominale,25.705,43.378,908.316,0,fonctionnement_normal_simule
2026-01-01T00:02:26.400000+00:00,simulation_nominale,25.677,43.636,908.817,0,fonctionnement_normal_simule
2026-01-01T00:02:26.600000+00:00,simulation_nominale,25.709,43.526,906.442,0,fonctionnement_normal_simule
2026-01-01T00:02:26.800000+00:00,simulation_nominale,25.709,43.772,905.094,0,fonctionnement_normal_simule
2026-01-01T00:02:27+00:00,simulation_nominale,25.736,43.606,906.237,0,fonctionnement_normal_simule
2026-01-01T00:02:27.200000+00:00,simulation_nominale,25.715,43.422,909.428,0,fonctionnement_normal_simule
2026-01-01T00:02:27.400000+00:00,simulation_nominale,25.775,43.568,904.064,0,fonctionnement_normal_simule
2026-01-01T00:02:27.600000+00:00,simulation_nominale,25.774,43.555,906.442,0,fonctionnement_normal_simule
2026-01-01T00:02:27.800000+00:00,simulation_nominale,25.705,43.53,905.413,0,fonctionnement_normal_simule
2026-01-01T00:02:28+00:00,simulation_nominale,25.77,43.542,906.513,0,fonctionnement_normal_simule
2026-01-01T00:02:28.200000+00:00,simulation_nominale,25.809,43.533,908.283,0,fonctionnement_normal_simule
2026-01-01T00:02:28.400000+00:00,simulation_nominale,25.798,43.622,905.33,0,fonctionnement_normal_simule
2026-01-01T00:02:28.600000+00:00,simulation_nominale,25.774,43.617,907.599,0,fonctionnement_normal_simule
2026-01-01T00:02:28.800000+00:00,simulation_nominale,25.84,43.605,906.435,0,fonctionnement_normal_simule
2026-01-01T00:02:29+00:00,simulation_nominale,25.837,43.528,909.269,0,fonctionnement_normal_simule
2026-01-01T00:02:29.200000+00:00,simulation_nominale,25.883,43.638,911.966,0,fonctionnement_normal_simule
2026-01-01T00:02:29.400000+00:00,simulation_nominale,25.754,43.51,906.885,0,fonctionnement_normal_simule
2026-01-01T00:02:29.600000+00:00,simulation_nominale,25.807,43.586,906.711,0,fonctionnement_normal_simule
2026-01-01T00:02:29.800000+00:00,simulation_nominale,25.874,43.638,908.303,0,fonctionnement_normal_simule
2026-01-01T00:02:30+00:00,simulation_nominale,25.796,43.605,908.853,0,fonctionnement_normal_simule
2026-01-01T00:02:30.200000+00:00,simulation_nominale,25.858,43.567,910.332,0,fonctionnement_normal_simule
2026-01-01T00:02:30.400000+00:00,simulation_nominale,25.829,43.538,908.892,0,fonctionnement_normal_simule
2026-01-01T00:02:30.600000+00:00,simulation_nominale,25.88,43.639,907.016,0,fonctionnement_normal_simule
2026-01-01T00:02:30.800000+00:00,simulation_nominale,25.813,43.474,906.744,0,fonctionnement_normal_simule
2026-01-01T00:02:31+00:00,simulation_nominale,25.904,43.64,904.001,0,fonctionnement_normal_simule
2026-01-01T00:02:31.200000+00:00,simulation_nominale,25.901,43.573,905.573,0,fonctionnement_normal_simule
2026-01-01T00:02:31.400000+00:00,simulation_nominale,25.975,43.604,909.334,0,fonctionnement_normal_simule
2026-01-01T00:02:31.600000+00:00,simulation_nominale,25.997,43.54,906.908,0,fonctionnement_normal_simule
2026-01-01T00:02:31.800000+00:00,simulation_nominale,25.962,43.485,907.871,0,fonctionnement_normal_simule
2026-01-01T00:02:32+00:00,simulation_nominale,25.911,43.671,908.554,0,fonctionnement_normal_simule
2026-01-01T00:02:32.200000+00:00,simulation_nominale,25.88,43.674,909.453,0,fonctionnement_normal_simule
2026-01-01T00:02:32.400000+00:00,simulation_nominale,25.882,43.545,906.73,0,fonctionnement_normal_simule
2026-01-01T00:02:32.600000+00:00,simulation_nominale,25.886,43.689,907.152,0,fonctionnement_normal_simule
2026-01-01T00:02:32.800000+00:00,simulation_nominale,25.928,43.525,907.028,0,fonctionnement_normal_simule
2026-01-01T00:02:33+00:00,simulation_nominale,26.006,43.671,904.599,0,fonctionnement_normal_simule
2026-01-01T00:02:33.200000+00:00,simulation_nominale,25.914,43.666,906.854,0,fonctionnement_normal_simule
2026-01-01T00:02:33.400000+00:00,simulation_nominale,25.939,43.55,905.203,0,fonctionnement_normal_simule
2026-01-01T00:02:33.600000+00:00,simulation_nominale,25.973,43.592,910.16,0,fonctionnement_normal_simule
2026-01-01T00:02:33.800000+00:00,simulation_nominale,25.974,43.55,909.28,0,fonctionnement_normal_simule
2026-01-01T00:02:34+00:00,simulation_nominale,26.038,43.572,904.5,0,fonctionnement_normal_simule
2026-01-01T00:02:34.200000+00:00,simulation_nominale,25.973,43.527,911.2,0,fonctionnement_normal_simule
2026-01-01T00:02:34.400000+00:00,simulation_nominale,25.944,43.613,910.875,0,fonctionnement_normal_simule
2026-01-01T00:02:34.600000+00:00,simulation_nominale,26.042,43.602,906.372,0,fonctionnement_normal_simule
2026-01-01T00:02:34.800000+00:00,simulation_nominale,26.007,43.629,910.941,0,fonctionnement_normal_simule
2026-01-01T00:02:35+00:00,simulation_nominale,26.016,43.544,909.928,0,fonctionnement_normal_simule
2026-01-01T00:02:35.200000+00:00,simulation_nominale,26.071,43.638,909.509,0,fonctionnement_normal_simule
2026-01-01T00:02:35.400000+00:00,simulation_nominale,26.04,43.564,907.81,0,fonctionnement_normal_simule
2026-01-01T00:02:35.600000+00:00,simulation_nominale,25.999,43.615,906.1,0,fonctionnement_normal_simule
2026-01-01T00:02:35.800000+00:00,simulation_nominale,26.066,43.685,905.344,0,fonctionnement_normal_simule
2026-01-01T00:02:36+00:00,simulation_nominale,26.024,43.675,908.917,0,fonctionnement_normal_simule
2026-01-01T00:02:36.200000+00:00,simulation_nominale,26.071,43.503,910.566,0,fonctionnement_normal_simule
2026-01-01T00:02:36.400000+00:00,simulation_nominale,26.147,43.811,909.084,0,fonctionnement_normal_simule
2026-01-01T00:02:36.600000+00:00,simulation_nominale,26.111,43.637,908.375,0,fonctionnement_normal_simule
2026-01-01T00:02:36.800000+00:00,simulation_nominale,26.046,43.704,905.14,0,fonctionnement_normal_simule
2026-01-01T00:02:37+00:00,simulation_nominale,26.123,43.671,909.534,0,fonctionnement_normal_simule
2026-01-01T00:02:37.200000+00:00,simulation_nominale,26.114,43.667,909.687,0,fonctionnement_normal_simule
2026-01-01T00:02:37.400000+00:00,simulation_nominale,26.068,43.688,906.924,0,fonctionnement_normal_simule
2026-01-01T00:02:37.600000+00:00,simulation_nominale,26.152,43.708,908.537,0,fonctionnement_normal_simule
2026-01-01T00:02:37.800000+00:00,simulation_nominale,26.151,43.532,906.142,0,fonctionnement_normal_simule
2026-01-01T00:02:38+00:00,simulation_nominale,26.143,43.806,909.137,0,fonctionnement_normal_simule
2026-01-01T00:02:38.200000+00:00,simulation_nominale,26.198,43.712,908.189,0,fonctionnement_normal_simule
2026-01-01T00:02:38.400000+00:00,simulation_nominale,26.134,43.7,906.322,0,fonctionnement_normal_simule
2026-01-01T00:02:38.600000+00:00,simulation_nominale,26.14,43.725,906.674,0,fonctionnement_normal_simule
2026-01-01T00:02:38.800000+00:00,simulation_nominale,26.17,43.601,908.826,0,fonctionnement_normal_simule
2026-01-01T00:02:39+00:00,simulation_nominale,26.184,43.787,907.036,0,fonctionnement_normal_simule
2026-01-01T00:02:39.200000+00:00,simulation_nominale,26.165,43.836,907.646,0,fonctionnement_normal_simule
2026-01-01T00:02:39.400000+00:00,simulation_nominale,26.272,43.65,907.451,0,fonctionnement_normal_simule
2026-01-01T00:02:39.600000+00:00,simulation_nominale,26.155,43.706,906.357,0,fonctionnement_normal_simule
2026-01-01T00:02:39.800000+00:00,simulation_nominale,26.189,43.837,905.638,0,fonctionnement_normal_simule
2026-01-01T00:02:40+00:00,simulation_nominale,26.24,43.665,907.104,0,fonctionnement_normal_simule
2026-01-01T00:02:40.200000+00:00,simulation_nominale,26.277,43.823,908.447,0,fonctionnement_normal_simule
2026-01-01T00:02:40.400000+00:00,simulation_nominale,26.257,43.838,909.146,0,fonctionnement_normal_simule
2026-01-01T00:02:40.600000+00:00,simulation_nominale,26.296,43.715,907.735,0,fonctionnement_normal_simule
2026-01-01T00:02:40.800000+00:00,simulation_nominale,26.273,43.864,908.978,0,fonctionnement_normal_simule
2026-01-01T00:02:41+00:00,simulation_nominale,26.307,43.77,905.147,0,fonctionnement_normal_simule
2026-01-01T00:02:41.200000+00:00,simulation_nominale,26.314,43.816,906.733,0,fonctionnement_normal_simule
2026-01-01T00:02:41.400000+00:00,simulation_nominale,26.272,43.787,909.826,0,fonctionnement_normal_simule
2026-01-01T00:02:41.600000+00:00,simulation_nominale,26.314,43.853,908.878,0,fonctionnement_normal_simule
2026-01-01T00:02:41.800000+00:00,simulation_nominale,26.287,43.917,903.052,0,fonctionnement_normal_simule
2026-01-01T00:02:42+00:00,simulation_nominale,26.247,43.838,906.932,0,fonctionnement_normal_simule
2026-01-01T00:02:42.200000+00:00,simulation_nominale,26.263,43.897,905.782,0,fonctionnement_normal_simule
2026-01-01T00:02:42.400000+00:00,simulation_nominale,26.318,43.864,907.834,0,fonctionnement_normal_simule
2026-01-01T00:02:42.600000+00:00,simulation_nominale,26.283,43.845,910.151,0,fonctionnement_normal_simule
2026-01-01T00:02:42.800000+00:00,simulation_nominale,26.346,43.944,907.515,0,fonctionnement_normal_simule
2026-01-01T00:02:43+00:00,simulation_nominale,26.264,43.836,907.351,0,fonctionnement_normal_simule
2026-01-01T00:02:43.200000+00:00,simulation_nominale,26.391,43.971,908.478,0,fonctionnement_normal_simule
2026-01-01T00:02:43.400000+00:00,simulation_nominale,26.313,43.897,907.08,0,fonctionnement_normal_simule
2026-01-01T00:02:43.600000+00:00,simulation_nominale,26.345,43.795,908.506,0,fonctionnement_normal_simule
2026-01-01T00:02:43.800000+00:00,simulation_nominale,26.361,43.964,904.629,0,fonctionnement_normal_simule
2026-01-01T00:02:44+00:00,simulation_nominale,26.325,44.199,905.766,0,fonctionnement_normal_simule
2026-01-01T00:02:44.200000+00:00,simulation_nominale,26.389,43.949,905.534,0,fonctionnement_normal_simule
2026-01-01T00:02:44.400000+00:00,simulation_nominale,26.454,43.915,907.769,0,fonctionnement_normal_simule
2026-01-01T00:02:44.600000+00:00,simulation_nominale,26.465,43.864,906.466,0,fonctionnement_normal_simule
2026-01-01T00:02:44.800000+00:00,simulation_nominale,26.386,43.825,907.963,0,fonctionnement_normal_simule
2026-01-01T00:02:45+00:00,simulation_nominale,26.426,43.956,908.692,0,fonctionnement_normal_simule
2026-01-01T00:02:45.200000+00:00,simulation_nominale,26.449,43.976,906.867,0,fonctionnement_normal_simule
2026-01-01T00:02:45.400000+00:00,simulation_nominale,26.471,43.9,910.11,0,fonctionnement_normal_simule
2026-01-01T00:02:45.600000+00:00,simulation_nominale,26.422,44.024,910.938,0,fonctionnement_normal_simule
2026-01-01T00:02:45.800000+00:00,simulation_nominale,26.346,43.955,906.444,0,fonctionnement_normal_simule
2026-01-01T00:02:46+00:00,simulation_nominale,26.512,43.945,912.675,0,fonctionnement_normal_simule
2026-01-01T00:02:46.200000+00:00,simulation_nominale,26.39,44.013,906.41,0,fonctionnement_normal_simule
2026-01-01T00:02:46.400000+00:00,simulation_nominale,26.479,43.947,906.245,0,fonctionnement_normal_simule
2026-01-01T00:02:46.600000+00:00,simulation_nominale,26.393,44.009,904.115,0,fonctionnement_normal_simule
2026-01-01T00:02:46.800000+00:00,simulation_nominale,26.42,44.014,906.831,0,fonctionnement_normal_simule
2026-01-01T00:02:47+00:00,simulation_nominale,26.521,43.907,907.878,0,fonctionnement_normal_simule
2026-01-01T00:02:47.200000+00:00,simulation_nominale,26.5,43.998,905.39,0,fonctionnement_normal_simule
2026-01-01T00:02:47.400000+00:00,simulation_nominale,26.491,44.101,906.211,0,fonctionnement_normal_simule
2026-01-01T00:02:47.600000+00:00,simulation_nominale,26.535,44.016,910.368,0,fonctionnement_normal_simule
2026-01-01T00:02:47.800000+00:00,simulation_nominale,26.509,44.031,903.656,0,fonctionnement_normal_simule
2026-01-01T00:02:48+00:00,simulation_nominale,26.458,44.084,906.382,0,fonctionnement_normal_simule
2026-01-01T00:02:48.200000+00:00,simulation_nominale,26.533,44.006,906.494,0,fonctionnement_normal_simule
2026-01-01T00:02:48.400000+00:00,simulation_nominale,26.504,44.092,906.316,0,fonctionnement_normal_simule
2026-01-01T00:02:48.600000+00:00,simulation_nominale,26.611,44.022,908.947,0,fonctionnement_normal_simule
2026-01-01T00:02:48.800000+00:00,simulation_nominale,26.501,44.047,904.982,0,fonctionnement_normal_simule
2026-01-01T00:02:49+00:00,simulation_nominale,26.6,44.127,906.895,0,fonctionnement_normal_simule
2026-01-01T00:02:49.200000+00:00,simulation_nominale,26.566,44.014,909.381,0,fonctionnement_normal_simule
2026-01-01T00:02:49.400000+00:00,simulation_nominale,26.619,44.106,906.556,0,fonctionnement_normal_simule
2026-01-01T00:02:49.600000+00:00,simulation_nominale,26.596,44.102,906.083,0,fonctionnement_normal_simule
2026-01-01T00:02:49.800000+00:00,simulation_nominale,26.557,44.097,905.484,0,fonctionnement_normal_simule
2026-01-01T00:02:50+00:00,simulation_nominale,26.612,44.106,905.531,0,fonctionnement_normal_simule
2026-01-01T00:02:50.200000+00:00,simulation_nominale,26.564,44.021,909.46,0,fonctionnement_normal_simule
2026-01-01T00:02:50.400000+00:00,simulation_nominale,26.616,44.218,905.231,0,fonctionnement_normal_simule
2026-01-01T00:02:50.600000+00:00,simulation_nominale,26.661,44.169,909.146,0,fonctionnement_normal_simule
2026-01-01T00:02:50.800000+00:00,simulation_nominale,26.608,44.162,905.134,0,fonctionnement_normal_simule
2026-01-01T00:02:51+00:00,simulation_nominale,26.618,44.192,909.125,0,fonctionnement_normal_simule
2026-01-01T00:02:51.200000+00:00,simulation_nominale,26.683,44.19,908.526,0,fonctionnement_normal_simule
2026-01-01T00:02:51.400000+00:00,simulation_nominale,26.519,44.153,906.535,0,fonctionnement_normal_simule
2026-01-01T00:02:51.600000+00:00,simulation_nominale,26.669,44.233,905.87,0,fonctionnement_normal_simule
2026-01-01T00:02:51.800000+00:00,simulation_nominale,26.622,44.144,909.733,0,fonctionnement_normal_simule
2026-01-01T00:02:52+00:00,simulation_nominale,26.691,44.321,905.896,0,fonctionnement_normal_simule
2026-01-01T00:02:52.200000+00:00,simulation_nominale,26.631,44.269,905.771,0,fonctionnement_normal_simule
2026-01-01T00:02:52.400000+00:00,simulation_nominale,26.653,44.231,904.5,0,fonctionnement_normal_simule
2026-01-01T00:02:52.600000+00:00,simulation_nominale,26.629,44.222,902.939,0,fonctionnement_normal_simule
2026-01-01T00:02:52.800000+00:00,simulation_nominale,26.694,44.318,904.114,0,fonctionnement_normal_simule
2026-01-01T00:02:53+00:00,simulation_nominale,26.603,44.291,906.073,0,fonctionnement_normal_simule
2026-01-01T00:02:53.200000+00:00,simulation_nominale,26.683,44.161,901.704,0,fonctionnement_normal_simule
2026-01-01T00:02:53.400000+00:00,simulation_nominale,26.756,44.259,906.49,0,fonctionnement_normal_simule
2026-01-01T00:02:53.600000+00:00,simulation_nominale,26.69,44.319,902.866,0,fonctionnement_normal_simule
2026-01-01T00:02:53.800000+00:00,simulation_nominale,26.681,44.186,903.189,0,fonctionnement_normal_simule
2026-01-01T00:02:54+00:00,simulation_nominale,26.676,44.159,904.381,0,fonctionnement_normal_simule
2026-01-01T00:02:54.200000+00:00,simulation_nominale,26.681,44.217,904.978,0,fonctionnement_normal_simule
2026-01-01T00:02:54.400000+00:00,simulation_nominale,26.715,44.254,909.207,0,fonctionnement_normal_simule
2026-01-01T00:02:54.600000+00:00,simulation_nominale,26.749,44.42,904.465,0,fonctionnement_normal_simule
2026-01-01T00:02:54.800000+00:00,simulation_nominale,26.761,44.4,903.023,0,fonctionnement_normal_simule
2026-01-01T00:02:55+00:00,simulation_nominale,26.704,44.581,904.175,0,fonctionnement_normal_simule
2026-01-01T00:02:55.200000+00:00,simulation_nominale,26.756,44.34,906.598,0,fonctionnement_normal_simule
2026-01-01T00:02:55.400000+00:00,simulation_nominale,26.701,44.285,907.141,0,fonctionnement_normal_simule
2026-01-01T00:02:55.600000+00:00,simulation_nominale,26.754,44.177,904.855,0,fonctionnement_normal_simule
2026-01-01T00:02:55.800000+00:00,simulation_nominale,26.744,44.441,905.386,0,fonctionnement_normal_simule
2026-01-01T00:02:56+00:00,simulation_nominale,26.77,44.4,905.26,0,fonctionnement_normal_simule
2026-01-01T00:02:56.200000+00:00,simulation_nominale,26.715,44.337,902.91,0,fonctionnement_normal_simule
2026-01-01T00:02:56.400000+00:00,simulation_nominale,26.712,44.475,906.704,0,fonctionnement_normal_simule
2026-01-01T00:02:56.600000+00:00,simulation_nominale,26.795,44.373,903.408,0,fonctionnement_normal_simule
2026-01-01T00:02:56.800000+00:00,simulation_nominale,26.757,44.519,905.469,0,fonctionnement_normal_simule
2026-01-01T00:02:57+00:00,simulation_nominale,26.849,44.362,903.898,0,fonctionnement_normal_simule
2026-01-01T00:02:57.200000+00:00,simulation_nominale,26.734,44.335,903.971,0,fonctionnement_normal_simule
2026-01-01T00:02:57.400000+00:00,simulation_nominale,26.775,44.417,901.145,0,fonctionnement_normal_simule
2026-01-01T00:02:57.600000+00:00,simulation_nominale,26.801,44.444,905.976,0,fonctionnement_normal_simule
2026-01-01T00:02:57.800000+00:00,simulation_nominale,26.819,44.372,904.869,0,fonctionnement_normal_simule
2026-01-01T00:02:58+00:00,simulation_nominale,26.777,44.608,903.949,0,fonctionnement_normal_simule
2026-01-01T00:02:58.200000+00:00,simulation_nominale,26.785,44.463,900.937,0,fonctionnement_normal_simule
2026-01-01T00:02:58.400000+00:00,simulation_nominale,26.86,44.674,900.409,0,fonctionnement_normal_simule
2026-01-01T00:02:58.600000+00:00,simulation_nominale,26.803,44.505,902.61,0,fonctionnement_normal_simule
2026-01-01T00:02:58.800000+00:00,simulation_nominale,26.866,44.623,903.237,0,fonctionnement_normal_simule
2026-01-01T00:02:59+00:00,simulation_nominale,26.904,44.536,903.173,0,fonctionnement_normal_simule
2026-01-01T00:02:59.200000+00:00,simulation_nominale,26.836,44.483,906.492,0,fonctionnement_normal_simule
2026-01-01T00:02:59.400000+00:00,simulation_nominale,26.853,44.524,903.143,0,fonctionnement_normal_simule
2026-01-01T00:02:59.600000+00:00,simulation_nominale,26.796,44.583,900.855,0,fonctionnement_normal_simule
2026-01-01T00:02:59.800000+00:00,simulation_nominale,26.836,44.53,904.504,0,fonctionnement_normal_simule
2026-01-01T00:03:00+00:00,simulation_nominale,26.881,44.644,903.052,0,fonctionnement_normal_simule
2026-01-01T00:03:00.200000+00:00,simulation_nominale,26.814,44.567,903.191,0,fonctionnement_normal_simule
2026-01-01T00:03:00.400000+00:00,simulation_nominale,26.865,44.555,901.216,0,fonctionnement_normal_simule
2026-01-01T00:03:00.600000+00:00,simulation_nominale,26.856,44.718,906.821,0,fonctionnement_normal_simule
2026-01-01T00:03:00.800000+00:00,simulation_nominale,26.884,44.54,905.82,0,fonctionnement_normal_simule
2026-01-01T00:03:01+00:00,simulation_nominale,26.821,44.567,903.784,0,fonctionnement_normal_simule
2026-01-01T00:03:01.200000+00:00,simulation_nominale,26.803,44.703,902.747,0,fonctionnement_normal_simule
2026-01-01T00:03:01.400000+00:00,simulation_nominale,26.877,44.583,904.472,0,fonctionnement_normal_simule
2026-01-01T00:03:01.600000+00:00,simulation_nominale,26.884,44.629,904.594,0,fonctionnement_normal_simule
2026-01-01T00:03:01.800000+00:00,simulation_nominale,26.76,44.697,902.413,0,fonctionnement_normal_simule
2026-01-01T00:03:02+00:00,simulation_nominale,26.837,44.692,903.552,0,fonctionnement_normal_simule
2026-01-01T00:03:02.200000+00:00,simulation_nominale,26.842,44.678,902.394,0,fonctionnement_normal_simule
2026-01-01T00:03:02.400000+00:00,simulation_nominale,26.889,44.795,901.473,0,fonctionnement_normal_simule
2026-01-01T00:03:02.600000+00:00,simulation_nominale,26.929,44.603,902.926,0,fonctionnement_normal_simule
2026-01-01T00:03:02.800000+00:00,simulation_nominale,26.809,44.723,903.692,0,fonctionnement_normal_simule
2026-01-01T00:03:03+00:00,simulation_nominale,26.961,44.731,900.674,0,fonctionnement_normal_simule
2026-01-01T00:03:03.200000+00:00,simulation_nominale,26.923,44.74,902.29,0,fonctionnement_normal_simule
2026-01-01T00:03:03.400000+00:00,simulation_nominale,26.921,44.834,898.552,0,fonctionnement_normal_simule
2026-01-01T00:03:03.600000+00:00,simulation_nominale,26.888,44.755,899.8,0,fonctionnement_normal_simule
2026-01-01T00:03:03.800000+00:00,simulation_nominale,26.823,44.761,900.934,0,fonctionnement_normal_simule
2026-01-01T00:03:04+00:00,simulation_nominale,26.861,44.765,901.081,0,fonctionnement_normal_simule
2026-01-01T00:03:04.200000+00:00,simulation_nominale,26.892,44.912,901.645,0,fonctionnement_normal_simule
2026-01-01T00:03:04.400000+00:00,simulation_nominale,26.968,44.895,903.562,0,fonctionnement_normal_simule
2026-01-01T00:03:04.600000+00:00,simulation_nominale,26.865,44.782,899.709,0,fonctionnement_normal_simule
2026-01-01T00:03:04.800000+00:00,simulation_nominale,26.912,44.81,902.353,0,fonctionnement_normal_simule
2026-01-01T00:03:05+00:00,simulation_nominale,26.909,44.839,900.677,0,fonctionnement_normal_simule
2026-01-01T00:03:05.200000+00:00,simulation_nominale,26.859,44.8,902.745,0,fonctionnement_normal_simule
2026-01-01T00:03:05.400000+00:00,simulation_nominale,26.892,44.841,902.969,0,fonctionnement_normal_simule
2026-01-01T00:03:05.600000+00:00,simulation_nominale,26.919,44.737,900.993,0,fonctionnement_normal_simule
2026-01-01T00:03:05.800000+00:00,simulation_nominale,26.866,44.861,901.856,0,fonctionnement_normal_simule
2026-01-01T00:03:06+00:00,simulation_nominale,26.922,45.008,899.994,0,fonctionnement_normal_simule
2026-01-01T00:03:06.200000+00:00,simulation_nominale,26.89,44.931,902.84,0,fonctionnement_normal_simule
2026-01-01T00:03:06.400000+00:00,simulation_nominale,26.861,44.95,902.168,0,fonctionnement_normal_simule
2026-01-01T00:03:06.600000+00:00,simulation_nominale,26.897,44.883,902.222,0,fonctionnement_normal_simule
2026-01-01T00:03:06.800000+00:00,simulation_nominale,26.921,44.947,899.214,0,fonctionnement_normal_simule
2026-01-01T00:03:07+00:00,simulation_nominale,26.835,44.918,900.055,0,fonctionnement_normal_simule
2026-01-01T00:03:07.200000+00:00,simulation_nominale,26.922,44.874,901.787,0,fonctionnement_normal_simule
2026-01-01T00:03:07.400000+00:00,simulation_nominale,26.92,44.886,902.328,0,fonctionnement_normal_simule
2026-01-01T00:03:07.600000+00:00,simulation_nominale,26.89,44.9,900.86,0,fonctionnement_normal_simule
2026-01-01T00:03:07.800000+00:00,simulation_nominale,26.903,44.893,901.518,0,fonctionnement_normal_simule
2026-01-01T00:03:08+00:00,simulation_nominale,26.903,44.915,896.69,0,fonctionnement_normal_simule
2026-01-01T00:03:08.200000+00:00,simulation_nominale,26.92,44.993,900.357,0,fonctionnement_normal_simule
2026-01-01T00:03:08.400000+00:00,simulation_nominale,26.958,44.796,902.577,0,fonctionnement_normal_simule
2026-01-01T00:03:08.600000+00:00,simulation_nominale,26.957,44.927,901.988,0,fonctionnement_normal_simule
2026-01-01T00:03:08.800000+00:00,simulation_nominale,26.869,44.932,899.675,0,fonctionnement_normal_simule
2026-01-01T00:03:09+00:00,simulation_nominale,26.974,45.054,899.898,0,fonctionnement_normal_simule
2026-01-01T00:03:09.200000+00:00,simulation_nominale,26.936,44.985,902.713,0,fonctionnement_normal_simule
2026-01-01T00:03:09.400000+00:00,simulation_nominale,26.962,45.08,898.062,0,fonctionnement_normal_simule
2026-01-01T00:03:09.600000+00:00,simulation_nominale,26.941,45.079,900.846,0,fonctionnement_normal_simule
2026-01-01T00:03:09.800000+00:00,simulation_nominale,26.943,45.1,897.674,0,fonctionnement_normal_simule
2026-01-01T00:03:10+00:00,simulation_nominale,26.956,45.098,900.047,0,fonctionnement_normal_simule
2026-01-01T00:03:10.200000+00:00,simulation_nominale,26.919,45.11,900.815,0,fonctionnement_normal_simule
2026-01-01T00:03:10.400000+00:00,simulation_nominale,26.901,45.081,898.139,0,fonctionnement_normal_simule
2026-01-01T00:03:10.600000+00:00,simulation_nominale,26.871,45.082,901.139,0,fonctionnement_normal_simule
2026-01-01T00:03:10.800000+00:00,simulation_nominale,26.877,45.106,898.878,0,fonctionnement_normal_simule
2026-01-01T00:03:11+00:00,simulation_nominale,26.91,45.177,902.95,0,fonctionnement_normal_simule
2026-01-01T00:03:11.200000+00:00,simulation_nominale,26.831,45.117,900.068,0,fonctionnement_normal_simule
2026-01-01T00:03:11.400000+00:00,simulation_nominale,26.817,45.284,898.61,0,fonctionnement_normal_simule
2026-01-01T00:03:11.600000+00:00,simulation_nominale,26.851,45.233,894.367,0,fonctionnement_normal_simule
2026-01-01T00:03:11.800000+00:00,simulation_nominale,26.889,45.086,898.654,0,fonctionnement_normal_simule
2026-01-01T00:03:12+00:00,simulation_nominale,26.893,45.238,899.428,0,fonctionnement_normal_simule
2026-01-01T00:03:12.200000+00:00,simulation_nominale,26.96,45.19,897.843,0,fonctionnement_normal_simule
2026-01-01T00:03:12.400000+00:00,simulation_nominale,26.923,45.189,899.285,0,fonctionnement_normal_simule
2026-01-01T00:03:12.600000+00:00,simulation_nominale,26.714,45.241,898.22,0,fonctionnement_normal_simule
2026-01-01T00:03:12.800000+00:00,simulation_nominale,26.851,45.162,900.098,0,fonctionnement_normal_simule
2026-01-01T00:03:13+00:00,simulation_nominale,26.784,45.476,900.522,0,fonctionnement_normal_simule
2026-01-01T00:03:13.200000+00:00,simulation_nominale,26.878,45.386,898.685,0,fonctionnement_normal_simule
2026-01-01T00:03:13.400000+00:00,simulation_nominale,26.824,45.326,894.786,0,fonctionnement_normal_simule
2026-01-01T00:03:13.600000+00:00,simulation_nominale,26.881,45.35,899.05,0,fonctionnement_normal_simule
2026-01-01T00:03:13.800000+00:00,simulation_nominale,26.796,45.28,897.657,0,fonctionnement_normal_simule
2026-01-01T00:03:14+00:00,simulation_nominale,26.821,45.089,895.455,0,fonctionnement_normal_simule
2026-01-01T00:03:14.200000+00:00,simulation_nominale,26.827,45.374,903.255,0,fonctionnement_normal_simule
2026-01-01T00:03:14.400000+00:00,simulation_nominale,26.878,45.23,896.83,0,fonctionnement_normal_simule
2026-01-01T00:03:14.600000+00:00,simulation_nominale,26.884,45.352,898.378,0,fonctionnement_normal_simule
2026-01-01T00:03:14.800000+00:00,simulation_nominale,26.846,45.409,901.992,0,fonctionnement_normal_simule
2026-01-01T00:03:15+00:00,simulation_nominale,26.834,45.335,898.453,0,fonctionnement_normal_simule
2026-01-01T00:03:15.200000+00:00,simulation_nominale,26.811,45.157,898.356,0,fonctionnement_normal_simule
2026-01-01T00:03:15.400000+00:00,simulation_nominale,26.796,45.448,897.658,0,fonctionnement_normal_simule
2026-01-01T00:03:15.600000+00:00,simulation_nominale,26.881,45.283,899.48,0,fonctionnement_normal_simule
2026-01-01T00:03:15.800000+00:00,simulation_nominale,26.752,45.437,896.668,0,fonctionnement_normal_simule
2026-01-01T00:03:16+00:00,simulation_nominale,26.851,45.343,898.433,0,fonctionnement_normal_simule
2026-01-01T00:03:16.200000+00:00,simulation_nominale,26.829,45.412,897.879,0,fonctionnement_normal_simule
2026-01-01T00:03:16.400000+00:00,simulation_nominale,26.872,45.346,899.727,0,fonctionnement_normal_simule
2026-01-01T00:03:16.600000+00:00,simulation_nominale,26.786,45.497,901.526,0,fonctionnement_normal_simule
2026-01-01T00:03:16.800000+00:00,simulation_nominale,26.763,45.237,897.1,0,fonctionnement_normal_simule
2026-01-01T00:03:17+00:00,simulation_nominale,26.763,45.377,896.041,0,fonctionnement_normal_simule
2026-01-01T00:03:17.200000+00:00,simulation_nominale,26.764,45.544,898.878,0,fonctionnement_normal_simule
2026-01-01T00:03:17.400000+00:00,simulation_nominale,26.827,45.624,895.013,0,fonctionnement_normal_simule
2026-01-01T00:03:17.600000+00:00,simulation_nominale,26.676,45.61,896.984,0,fonctionnement_normal_simule
2026-01-01T00:03:17.800000+00:00,simulation_nominale,26.768,45.314,893.708,0,fonctionnement_normal_simule
2026-01-01T00:03:18+00:00,simulation_nominale,26.793,45.456,892.034,0,fonctionnement_normal_simule
2026-01-01T00:03:18.200000+00:00,simulation_nominale,26.722,45.561,898.826,0,fonctionnement_normal_simule
2026-01-01T00:03:18.400000+00:00,simulation_nominale,26.763,45.713,898.252,0,fonctionnement_normal_simule
2026-01-01T00:03:18.600000+00:00,simulation_nominale,26.822,45.602,897.79,0,fonctionnement_normal_simule
2026-01-01T00:03:18.800000+00:00,simulation_nominale,26.69,45.377,894.575,0,fonctionnement_normal_simule
2026-01-01T00:03:19+00:00,simulation_nominale,26.748,45.515,896.738,0,fonctionnement_normal_simule
2026-01-01T00:03:19.200000+00:00,simulation_nominale,26.731,45.562,897.895,0,fonctionnement_normal_simule
2026-01-01T00:03:19.400000+00:00,simulation_nominale,26.727,45.51,890.609,0,fonctionnement_normal_simule
2026-01-01T00:03:19.600000+00:00,simulation_nominale,26.755,45.481,893.965,0,fonctionnement_normal_simule
2026-01-01T00:03:19.800000+00:00,simulation_nominale,26.749,45.625,897.075,0,fonctionnement_normal_simule
2026-01-01T00:03:20+00:00,simulation_nominale,26.746,45.474,895.189,0,fonctionnement_normal_simule
2026-01-01T00:03:20.200000+00:00,simulation_nominale,26.68,45.709,897.309,0,fonctionnement_normal_simule
2026-01-01T00:03:20.400000+00:00,simulation_nominale,26.686,45.647,896.264,0,fonctionnement_normal_simule
2026-01-01T00:03:20.600000+00:00,simulation_nominale,26.685,45.626,897.15,0,fonctionnement_normal_simule
2026-01-01T00:03:20.800000+00:00,simulation_nominale,26.677,45.498,896.092,0,fonctionnement_normal_simule
2026-01-01T00:03:21+00:00,simulation_nominale,26.666,45.516,893.781,0,fonctionnement_normal_simule
2026-01-01T00:03:21.200000+00:00,simulation_nominale,26.659,45.619,896.377,0,fonctionnement_normal_simule
2026-01-01T00:03:21.400000+00:00,simulation_nominale,26.654,45.662,894.442,0,fonctionnement_normal_simule
2026-01-01T00:03:21.600000+00:00,simulation_nominale,26.678,45.667,896.264,0,fonctionnement_normal_simule
2026-01-01T00:03:21.800000+00:00,simulation_nominale,26.706,45.621,891.876,0,fonctionnement_normal_simule
2026-01-01T00:03:22+00:00,simulation_nominale,26.639,45.717,895.049,0,fonctionnement_normal_simule
2026-01-01T00:03:22.200000+00:00,simulation_nominale,26.647,45.524,893.269,0,fonctionnement_normal_simule
2026-01-01T00:03:22.400000+00:00,simulation_nominale,26.649,45.733,893.375,0,fonctionnement_normal_simule
2026-01-01T00:03:22.600000+00:00,simulation_nominale,26.635,45.623,892.509,0,fonctionnement_normal_simule
2026-01-01T00:03:22.800000+00:00,simulation_nominale,26.616,45.706,895.546,0,fonctionnement_normal_simule
2026-01-01T00:03:23+00:00,simulation_nominale,26.635,45.831,896.591,0,fonctionnement_normal_simule
2026-01-01T00:03:23.200000+00:00,simulation_nominale,26.583,45.781,891.699,0,fonctionnement_normal_simule
2026-01-01T00:03:23.400000+00:00,simulation_nominale,26.594,45.799,895.933,0,fonctionnement_normal_simule
2026-01-01T00:03:23.600000+00:00,simulation_nominale,26.616,45.877,893.035,0,fonctionnement_normal_simule
2026-01-01T00:03:23.800000+00:00,simulation_nominale,26.606,45.725,896.688,0,fonctionnement_normal_simule
2026-01-01T00:03:24+00:00,simulation_nominale,26.571,45.804,897.495,0,fonctionnement_normal_simule
2026-01-01T00:03:24.200000+00:00,simulation_nominale,26.584,45.733,893.609,0,fonctionnement_normal_simule
2026-01-01T00:03:24.400000+00:00,simulation_nominale,26.523,45.842,896.912,0,fonctionnement_normal_simule
2026-01-01T00:03:24.600000+00:00,simulation_nominale,26.533,45.622,892.965,0,fonctionnement_normal_simule
2026-01-01T00:03:24.800000+00:00,simulation_nominale,26.552,45.7,890.26,0,fonctionnement_normal_simule
2026-01-01T00:03:25+00:00,simulation_nominale,26.508,45.621,894.773,0,fonctionnement_normal_simule
2026-01-01T00:03:25.200000+00:00,simulation_nominale,26.502,45.798,896.662,0,fonctionnement_normal_simule
2026-01-01T00:03:25.400000+00:00,simulation_nominale,26.473,45.629,893.958,0,fonctionnement_normal_simule
2026-01-01T00:03:25.600000+00:00,simulation_nominale,26.52,45.695,893.225,0,fonctionnement_normal_simule
2026-01-01T00:03:25.800000+00:00,simulation_nominale,26.479,45.82,892.679,0,fonctionnement_normal_simule
2026-01-01T00:03:26+00:00,simulation_nominale,26.59,45.805,894.232,0,fonctionnement_normal_simule
2026-01-01T00:03:26.200000+00:00,simulation_nominale,26.456,45.623,896.569,0,fonctionnement_normal_simule
2026-01-01T00:03:26.400000+00:00,simulation_nominale,26.34,45.952,891.114,0,fonctionnement_normal_simule
2026-01-01T00:03:26.600000+00:00,simulation_nominale,26.403,45.843,898.099,0,fonctionnement_normal_simule
2026-01-01T00:03:26.800000+00:00,simulation_nominale,26.461,45.844,892.123,0,fonctionnement_normal_simule
2026-01-01T00:03:27+00:00,simulation_nominale,26.466,45.838,895.038,0,fonctionnement_normal_simule
2026-01-01T00:03:27.200000+00:00,simulation_nominale,26.352,45.918,894.198,0,fonctionnement_normal_simule
2026-01-01T00:03:27.400000+00:00,simulation_nominale,26.367,45.801,893.22,0,fonctionnement_normal_simule
2026-01-01T00:03:27.600000+00:00,simulation_nominale,26.393,45.915,890.599,0,fonctionnement_normal_simule
2026-01-01T00:03:27.800000+00:00,simulation_nominale,26.368,46.069,891.738,0,fonctionnement_normal_simule
2026-01-01T00:03:28+00:00,simulation_nominale,26.377,45.894,892.82,0,fonctionnement_normal_simule
2026-01-01T00:03:28.200000+00:00,simulation_nominale,26.433,45.87,895.043,0,fonctionnement_normal_simule
2026-01-01T00:03:28.400000+00:00,simulation_nominale,26.341,45.986,892.861,0,fonctionnement_normal_simule
2026-01-01T00:03:28.600000+00:00,simulation_nominale,26.358,45.925,894.346,0,fonctionnement_normal_simule
2026-01-01T00:03:28.800000+00:00,simulation_nominale,26.308,45.862,897.278,0,fonctionnement_normal_simule
2026-01-01T00:03:29+00:00,simulation_nominale,26.366,45.918,894.446,0,fonctionnement_normal_simule
2026-01-01T00:03:29.200000+00:00,simulation_nominale,26.334,45.775,893.443,0,fonctionnement_normal_simule
2026-01-01T00:03:29.400000+00:00,simulation_nominale,26.322,45.991,891.53,0,fonctionnement_normal_simule
2026-01-01T00:03:29.600000+00:00,simulation_nominale,26.308,46.062,892.738,0,fonctionnement_normal_simule
2026-01-01T00:03:29.800000+00:00,simulation_nominale,26.29,46.007,892.212,0,fonctionnement_normal_simule
2026-01-01T00:03:30+00:00,simulation_nominale,26.34,45.972,893.689,0,fonctionnement_normal_simule
2026-01-01T00:03:30.200000+00:00,simulation_nominale,26.259,45.893,894.363,0,fonctionnement_normal_simule
2026-01-01T00:03:30.400000+00:00,simulation_nominale,26.288,46.051,894.361,0,fonctionnement_normal_simule
2026-01-01T00:03:30.600000+00:00,simulation_nominale,26.208,46.017,888.84,0,fonctionnement_normal_simule
2026-01-01T00:03:30.800000+00:00,simulation_nominale,26.278,45.928,893.751,0,fonctionnement_normal_simule
2026-01-01T00:03:31+00:00,simulation_nominale,26.276,45.979,892.735,0,fonctionnement_normal_simule
2026-01-01T00:03:31.200000+00:00,simulation_nominale,26.286,45.898,894.034,0,fonctionnement_normal_simule
2026-01-01T00:03:31.400000+00:00,simulation_nominale,26.231,46.113,889.41,0,fonctionnement_normal_simule
2026-01-01T00:03:31.600000+00:00,simulation_nominale,26.216,46.133,895.399,0,fonctionnement_normal_simule
2026-01-01T00:03:31.800000+00:00,simulation_nominale,26.175,46.029,896.332,0,fonctionnement_normal_simule
2026-01-01T00:03:32+00:00,simulation_nominale,26.139,46.055,892.973,0,fonctionnement_normal_simule
2026-01-01T00:03:32.200000+00:00,simulation_nominale,26.192,45.991,894.516,0,fonctionnement_normal_simule
2026-01-01T00:03:32.400000+00:00,simulation_nominale,26.21,46.218,890.972,0,fonctionnement_normal_simule
2026-01-01T00:03:32.600000+00:00,simulation_nominale,26.145,46.167,896.159,0,fonctionnement_normal_simule
2026-01-01T00:03:32.800000+00:00,simulation_nominale,26.153,45.964,892.068,0,fonctionnement_normal_simule
2026-01-01T00:03:33+00:00,simulation_nominale,26.182,46.148,894.699,0,fonctionnement_normal_simule
2026-01-01T00:03:33.200000+00:00,simulation_nominale,26.209,46.066,890.637,0,fonctionnement_normal_simule
2026-01-01T00:03:33.400000+00:00,simulation_nominale,26.074,46.097,894.458,0,fonctionnement_normal_simule
2026-01-01T00:03:33.600000+00:00,simulation_nominale,26.18,46.131,892.425,0,fonctionnement_normal_simule
2026-01-01T00:03:33.800000+00:00,simulation_nominale,26.095,46.219,890.847,0,fonctionnement_normal_simule
2026-01-01T00:03:34+00:00,simulation_nominale,26.085,46.121,892.293,0,fonctionnement_normal_simule
2026-01-01T00:03:34.200000+00:00,simulation_nominale,26.151,46.062,897.235,0,fonctionnement_normal_simule
2026-01-01T00:03:34.400000+00:00,simulation_nominale,26.042,46.075,890.98,0,fonctionnement_normal_simule
2026-01-01T00:03:34.600000+00:00,simulation_nominale,26.083,46.146,894.523,0,fonctionnement_normal_simule
2026-01-01T00:03:34.800000+00:00,simulation_nominale,26.013,46.019,891.518,0,fonctionnement_normal_simule
2026-01-01T00:03:35+00:00,simulation_nominale,26.047,46.042,892.027,0,fonctionnement_normal_simule
2026-01-01T00:03:35.200000+00:00,simulation_nominale,26.046,46.101,890.573,0,fonctionnement_normal_simule
2026-01-01T00:03:35.400000+00:00,simulation_nominale,25.97,46.161,893.115,0,fonctionnement_normal_simule
2026-01-01T00:03:35.600000+00:00,simulation_nominale,26.113,46.271,889.662,0,fonctionnement_normal_simule
2026-01-01T00:03:35.800000+00:00,simulation_nominale,25.93,46.176,895.312,0,fonctionnement_normal_simule
2026-01-01T00:03:36+00:00,simulation_nominale,26.007,46.148,894.156,0,fonctionnement_normal_simule
2026-01-01T00:03:36.200000+00:00,simulation_nominale,26.025,46.313,890.005,0,fonctionnement_normal_simule
2026-01-01T00:03:36.400000+00:00,simulation_nominale,25.976,46.1,890.512,0,fonctionnement_normal_simule
2026-01-01T00:03:36.600000+00:00,simulation_nominale,25.896,46.188,889.237,0,fonctionnement_normal_simule
2026-01-01T00:03:36.800000+00:00,simulation_nominale,25.968,46.213,890.368,0,fonctionnement_normal_simule
2026-01-01T00:03:37+00:00,simulation_nominale,25.945,46.343,892.775,0,fonctionnement_normal_simule
2026-01-01T00:03:37.200000+00:00,simulation_nominale,25.891,46.203,891.865,0,fonctionnement_normal_simule
2026-01-01T00:03:37.400000+00:00,simulation_nominale,25.875,46.095,891.306,0,fonctionnement_normal_simule
2026-01-01T00:03:37.600000+00:00,simulation_nominale,25.942,46.171,888.193,0,fonctionnement_normal_simule
2026-01-01T00:03:37.800000+00:00,simulation_nominale,25.878,46.331,888.6,0,fonctionnement_normal_simule
2026-01-01T00:03:38+00:00,simulation_nominale,25.878,46.282,893.11,0,fonctionnement_normal_simule
2026-01-01T00:03:38.200000+00:00,simulation_nominale,25.881,46.303,888.861,0,fonctionnement_normal_simule
2026-01-01T00:03:38.400000+00:00,simulation_nominale,25.872,46.37,891.58,0,fonctionnement_normal_simule
2026-01-01T00:03:38.600000+00:00,simulation_nominale,25.852,46.184,894.623,0,fonctionnement_normal_simule
2026-01-01T00:03:38.800000+00:00,simulation_nominale,25.801,46.402,891.252,0,fonctionnement_normal_simule
2026-01-01T00:03:39+00:00,simulation_nominale,25.842,46.233,895.764,0,fonctionnement_normal_simule
2026-01-01T00:03:39.200000+00:00,simulation_nominale,25.724,46.31,887.846,0,fonctionnement_normal_simule
2026-01-01T00:03:39.400000+00:00,simulation_nominale,25.744,46.437,893.819,0,fonctionnement_normal_simule
2026-01-01T00:03:39.600000+00:00,simulation_nominale,25.701,46.291,890.762,0,fonctionnement_normal_simule
2026-01-01T00:03:39.800000+00:00,simulation_nominale,25.793,46.444,893.308,0,fonctionnement_normal_simule
2026-01-01T00:03:40+00:00,simulation_nominale,25.776,46.342,889.815,0,fonctionnement_normal_simule
2026-01-01T00:03:40.200000+00:00,simulation_nominale,25.776,46.38,890.776,0,fonctionnement_normal_simule
2026-01-01T00:03:40.400000+00:00,simulation_nominale,25.711,46.427,892.421,0,fonctionnement_normal_simule
2026-01-01T00:03:40.600000+00:00,simulation_nominale,25.68,46.282,891.09,0,fonctionnement_normal_simule
2026-01-01T00:03:40.800000+00:00,simulation_nominale,25.712,46.315,891.509,0,fonctionnement_normal_simule
2026-01-01T00:03:41+00:00,simulation_nominale,25.771,46.392,894.978,0,fonctionnement_normal_simule
2026-01-01T00:03:41.200000+00:00,simulation_nominale,25.625,46.339,894.366,0,fonctionnement_normal_simule
2026-01-01T00:03:41.400000+00:00,simulation_nominale,25.711,46.28,890.51,0,fonctionnement_normal_simule
2026-01-01T00:03:41.600000+00:00,simulation_nominale,25.709,46.322,893.325,0,fonctionnement_normal_simule
2026-01-01T00:03:41.800000+00:00,simulation_nominale,25.666,46.334,892.277,0,fonctionnement_normal_simule
2026-01-01T00:03:42+00:00,simulation_nominale,25.616,46.484,893.14,0,fonctionnement_normal_simule
2026-01-01T00:03:42.200000+00:00,simulation_nominale,25.694,46.31,890.971,0,fonctionnement_normal_simule
2026-01-01T00:03:42.400000+00:00,simulation_nominale,25.614,46.288,893.418,0,fonctionnement_normal_simule
2026-01-01T00:03:42.600000+00:00,simulation_nominale,25.644,46.32,891.433,0,fonctionnement_normal_simule
2026-01-01T00:03:42.800000+00:00,simulation_nominale,25.62,46.305,891.265,0,fonctionnement_normal_simule
2026-01-01T00:03:43+00:00,simulation_nominale,25.657,46.31,891.062,0,fonctionnement_normal_simule
2026-01-01T00:03:43.200000+00:00,simulation_nominale,25.684,46.203,889.739,0,fonctionnement_normal_simule
2026-01-01T00:03:43.400000+00:00,simulation_nominale,25.645,46.345,893.121,0,fonctionnement_normal_simule
2026-01-01T00:03:43.600000+00:00,simulation_nominale,25.647,46.324,890.953,0,fonctionnement_normal_simule
2026-01-01T00:03:43.800000+00:00,simulation_nominale,25.568,46.379,891.101,0,fonctionnement_normal_simule
2026-01-01T00:03:44+00:00,simulation_nominale,25.535,46.283,893.098,0,fonctionnement_normal_simule
2026-01-01T00:03:44.200000+00:00,simulation_nominale,25.563,46.38,891.736,0,fonctionnement_normal_simule
2026-01-01T00:03:44.400000+00:00,simulation_nominale,25.541,46.353,891.584,0,fonctionnement_normal_simule
2026-01-01T00:03:44.600000+00:00,simulation_nominale,25.506,46.518,892.12,0,fonctionnement_normal_simule
2026-01-01T00:03:44.800000+00:00,simulation_nominale,25.494,46.39,891.47,0,fonctionnement_normal_simule
2026-01-01T00:03:45+00:00,simulation_nominale,25.449,46.333,893.978,0,fonctionnement_normal_simule
2026-01-01T00:03:45.200000+00:00,simulation_nominale,25.455,46.418,891.326,0,fonctionnement_normal_simule
2026-01-01T00:03:45.400000+00:00,simulation_nominale,25.414,46.377,895.093,0,fonctionnement_normal_simule
2026-01-01T00:03:45.600000+00:00,simulation_nominale,25.44,46.363,891.466,0,fonctionnement_normal_simule
2026-01-01T00:03:45.800000+00:00,simulation_nominale,25.433,46.439,891.521,0,fonctionnement_normal_simule
2026-01-01T00:03:46+00:00,simulation_nominale,25.432,46.384,893.083,0,fonctionnement_normal_simule
2026-01-01T00:03:46.200000+00:00,simulation_nominale,25.439,46.444,893.658,0,fonctionnement_normal_simule
2026-01-01T00:03:46.400000+00:00,simulation_nominale,25.412,46.527,893.35,0,fonctionnement_normal_simule
2026-01-01T00:03:46.600000+00:00,simulation_nominale,25.465,46.426,892.987,0,fonctionnement_normal_simule
2026-01-01T00:03:46.800000+00:00,simulation_nominale,25.369,46.437,894.106,0,fonctionnement_normal_simule
2026-01-01T00:03:47+00:00,simulation_nominale,25.371,46.558,892.549,0,fonctionnement_normal_simule
2026-01-01T00:03:47.200000+00:00,simulation_nominale,25.439,46.357,891.972,0,fonctionnement_normal_simule
2026-01-01T00:03:47.400000+00:00,simulation_nominale,25.346,46.525,893.838,0,fonctionnement_normal_simule
2026-01-01T00:03:47.600000+00:00,simulation_nominale,25.353,46.41,892.53,0,fonctionnement_normal_simule
2026-01-01T00:03:47.800000+00:00,simulation_nominale,25.376,46.516,892.495,0,fonctionnement_normal_simule
2026-01-01T00:03:48+00:00,simulation_nominale,25.319,46.46,892.904,0,fonctionnement_normal_simule
2026-01-01T00:03:48.200000+00:00,simulation_nominale,25.337,46.418,896.158,0,fonctionnement_normal_simule
2026-01-01T00:03:48.400000+00:00,simulation_nominale,25.293,46.578,895.497,0,fonctionnement_normal_simule
2026-01-01T00:03:48.600000+00:00,simulation_nominale,25.346,46.609,893.855,0,fonctionnement_normal_simule
2026-01-01T00:03:48.800000+00:00,simulation_nominale,25.286,46.42,891.435,0,fonctionnement_normal_simule
2026-01-01T00:03:49+00:00,simulation_nominale,25.323,46.345,889.967,0,fonctionnement_normal_simule
2026-01-01T00:03:49.200000+00:00,simulation_nominale,25.341,46.547,893.676,0,fonctionnement_normal_simule
2026-01-01T00:03:49.400000+00:00,simulation_nominale,25.308,46.53,892.51,0,fonctionnement_normal_simule
2026-01-01T00:03:49.600000+00:00,simulation_nominale,25.203,46.573,893.813,0,fonctionnement_normal_simule
2026-01-01T00:03:49.800000+00:00,simulation_nominale,25.198,46.483,892.021,0,fonctionnement_normal_simule
2026-01-01T00:03:50+00:00,simulation_nominale,25.239,46.448,894.099,0,fonctionnement_normal_simule
2026-01-01T00:03:50.200000+00:00,simulation_nominale,25.226,46.383,894.381,0,fonctionnement_normal_simule
2026-01-01T00:03:50.400000+00:00,simulation_nominale,25.245,46.363,893.893,0,fonctionnement_normal_simule
2026-01-01T00:03:50.600000+00:00,simulation_nominale,25.253,46.467,893.491,0,fonctionnement_normal_simule
2026-01-01T00:03:50.800000+00:00,simulation_nominale,25.178,46.341,894.2,0,fonctionnement_normal_simule
2026-01-01T00:03:51+00:00,simulation_nominale,25.196,46.517,892.729,0,fonctionnement_normal_simule
2026-01-01T00:03:51.200000+00:00,simulation_nominale,25.181,46.497,893.114,0,fonctionnement_normal_simule
2026-01-01T00:03:51.400000+00:00,simulation_nominale,25.218,46.451,890.395,0,fonctionnement_normal_simule
2026-01-01T00:03:51.600000+00:00,simulation_nominale,25.18,46.382,888.26,0,fonctionnement_normal_simule
2026-01-01T00:03:51.800000+00:00,simulation_nominale,25.122,46.453,891.78,0,fonctionnement_normal_simule
2026-01-01T00:03:52+00:00,simulation_nominale,25.097,46.471,895.85,0,fonctionnement_normal_simule
2026-01-01T00:03:52.200000+00:00,simulation_nominale,25.183,46.491,895.305,0,fonctionnement_normal_simule
2026-01-01T00:03:52.400000+00:00,simulation_nominale,25.124,46.421,894.867,0,fonctionnement_normal_simule
2026-01-01T00:03:52.600000+00:00,simulation_nominale,25.091,46.519,893.505,0,fonctionnement_normal_simule
2026-01-01T00:03:52.800000+00:00,simulation_nominale,25.112,46.457,895.879,0,fonctionnement_normal_simule
2026-01-01T00:03:53+00:00,simulation_nominale,25.055,46.516,893.076,0,fonctionnement_normal_simule
2026-01-01T00:03:53.200000+00:00,simulation_nominale,25.081,46.498,894.333,0,fonctionnement_normal_simule
2026-01-01T00:03:53.400000+00:00,simulation_nominale,25.101,46.515,896.581,0,fonctionnement_normal_simule
2026-01-01T00:03:53.600000+00:00,simulation_nominale,25.072,46.53,890.325,0,fonctionnement_normal_simule
2026-01-01T00:03:53.800000+00:00,simulation_nominale,25.107,46.348,895.115,0,fonctionnement_normal_simule
2026-01-01T00:03:54+00:00,simulation_nominale,25.062,46.511,890.993,0,fonctionnement_normal_simule
2026-01-01T00:03:54.200000+00:00,simulation_nominale,25.075,46.564,895.196,0,fonctionnement_normal_simule
2026-01-01T00:03:54.400000+00:00,simulation_nominale,25.066,46.498,896.3,0,fonctionnement_normal_simule
2026-01-01T00:03:54.600000+00:00,simulation_nominale,25.09,46.449,892.903,0,fonctionnement_normal_simule
2026-01-01T00:03:54.800000+00:00,simulation_nominale,25.026,46.497,891.795,0,fonctionnement_normal_simule
2026-01-01T00:03:55+00:00,simulation_nominale,24.96,46.482,894.676,0,fonctionnement_normal_simule
2026-01-01T00:03:55.200000+00:00,simulation_nominale,25.047,46.587,891.641,0,fonctionnement_normal_simule
2026-01-01T00:03:55.400000+00:00,simulation_nominale,25.013,46.385,894.773,0,fonctionnement_normal_simule
2026-01-01T00:03:55.600000+00:00,simulation_nominale,25.023,46.462,894.421,0,fonctionnement_normal_simule
2026-01-01T00:03:55.800000+00:00,simulation_nominale,24.992,46.418,897.555,0,fonctionnement_normal_simule
2026-01-01T00:03:56+00:00,simulation_nominale,25.047,46.485,891.369,0,fonctionnement_normal_simule
2026-01-01T00:03:56.200000+00:00,simulation_nominale,25.0,46.546,894.849,0,fonctionnement_normal_simule
2026-01-01T00:03:56.400000+00:00,simulation_nominale,25.042,46.598,894.399,0,fonctionnement_normal_simule
2026-01-01T00:03:56.600000+00:00,simulation_nominale,24.977,46.46,893.8,0,fonctionnement_normal_simule
2026-01-01T00:03:56.800000+00:00,simulation_nominale,25.027,46.465,891.325,0,fonctionnement_normal_simule
2026-01-01T00:03:57+00:00,simulation_nominale,25.003,46.49,893.812,0,fonctionnement_normal_simule
2026-01-01T00:03:57.200000+00:00,simulation_nominale,24.901,46.592,896.2,0,fonctionnement_normal_simule
2026-01-01T00:03:57.400000+00:00,simulation_nominale,24.928,46.51,892.701,0,fonctionnement_normal_simule
2026-01-01T00:03:57.600000+00:00,simulation_nominale,24.914,46.329,896.489,0,fonctionnement_normal_simule
2026-01-01T00:03:57.800000+00:00,simulation_nominale,24.998,46.471,894.873,0,fonctionnement_normal_simule
2026-01-01T00:03:58+00:00,simulation_nominale,25.028,46.435,892.685,0,fonctionnement_normal_simule
2026-01-01T00:03:58.200000+00:00,simulation_nominale,24.958,46.538,894.524,0,fonctionnement_normal_simule
2026-01-01T00:03:58.400000+00:00,simulation_nominale,24.891,46.432,896.552,0,fonctionnement_normal_simule
2026-01-01T00:03:58.600000+00:00,simulation_nominale,24.972,46.359,892.801,0,fonctionnement_normal_simule
2026-01-01T00:03:58.800000+00:00,simulation_nominale,24.899,46.49,899.724,0,fonctionnement_normal_simule
2026-01-01T00:03:59+00:00,simulation_nominale,24.923,46.495,893.781,0,fonctionnement_normal_simule
2026-01-01T00:03:59.200000+00:00,simulation_nominale,25.033,46.441,894.417,0,fonctionnement_normal_simule
2026-01-01T00:03:59.400000+00:00,simulation_nominale,24.932,46.382,897.124,0,fonctionnement_normal_simule
2026-01-01T00:03:59.600000+00:00,simulation_nominale,24.921,46.419,894.382,0,fonctionnement_normal_simule
2026-01-01T00:03:59.800000+00:00,simulation_nominale,24.842,46.441,891.091,0,fonctionnement_normal_simule
2026-01-01T00:04:00+00:00,simulation_nominale,24.896,46.444,894.529,0,fonctionnement_normal_simule
2026-01-01T00:04:00.200000+00:00,simulation_nominale,24.887,46.415,898.243,0,fonctionnement_normal_simule
2026-01-01T00:04:00.400000+00:00,simulation_nominale,24.964,46.467,898.131,0,fonctionnement_normal_simule
2026-01-01T00:04:00.600000+00:00,simulation_nominale,24.89,46.455,894.254,0,fonctionnement_normal_simule
2026-01-01T00:04:00.800000+00:00,simulation_nominale,24.927,46.527,893.4,0,fonctionnement_normal_simule
2026-01-01T00:04:01+00:00,simulation_nominale,24.902,46.435,894.246,0,fonctionnement_normal_simule
2026-01-01T00:04:01.200000+00:00,simulation_nominale,24.892,46.321,895.252,0,fonctionnement_normal_simule
2026-01-01T00:04:01.400000+00:00,simulation_nominale,24.965,46.507,893.919,0,fonctionnement_normal_simule
2026-01-01T00:04:01.600000+00:00,simulation_nominale,24.909,46.477,895.619,0,fonctionnement_normal_simule
2026-01-01T00:04:01.800000+00:00,simulation_nominale,24.861,46.468,895.147,0,fonctionnement_normal_simule
2026-01-01T00:04:02+00:00,simulation_nominale,24.875,46.525,898.034,0,fonctionnement_normal_simule
2026-01-01T00:04:02.200000+00:00,simulation_nominale,24.827,46.427,899.688,0,fonctionnement_normal_simule
2026-01-01T00:04:02.400000+00:00,simulation_nominale,24.949,46.491,899.766,0,fonctionnement_normal_simule
2026-01-01T00:04:02.600000+00:00,simulation_nominale,24.923,46.449,892.626,0,fonctionnement_normal_simule
2026-01-01T00:04:02.800000+00:00,simulation_nominale,24.87,46.355,896.964,0,fonctionnement_normal_simule
2026-01-01T00:04:03+00:00,simulation_nominale,24.94,46.475,895.194,0,fonctionnement_normal_simule
2026-01-01T00:04:03.200000+00:00,simulation_nominale,24.822,46.295,893.026,0,fonctionnement_normal_simule
2026-01-01T00:04:03.400000+00:00,simulation_nominale,24.932,46.518,896.649,0,fonctionnement_normal_simule
2026-01-01T00:04:03.600000+00:00,simulation_nominale,24.859,46.443,896.962,0,fonctionnement_normal_simule
2026-01-01T00:04:03.800000+00:00,simulation_nominale,24.92,46.476,893.095,0,fonctionnement_normal_simule
2026-01-01T00:04:04+00:00,simulation_nominale,24.905,46.287,896.322,0,fonctionnement_normal_simule
2026-01-01T00:04:04.200000+00:00,simulation_nominale,24.806,46.442,894.695,0,fonctionnement_normal_simule
2026-01-01T00:04:04.400000+00:00,simulation_nominale,24.806,46.352,898.912,0,fonctionnement_normal_simule
2026-01-01T00:04:04.600000+00:00,simulation_nominale,24.852,46.487,900.08,0,fonctionnement_normal_simule
2026-01-01T00:04:04.800000+00:00,simulation_nominale,24.869,46.476,895.496,0,fonctionnement_normal_simule
2026-01-01T00:04:05+00:00,simulation_nominale,24.855,46.335,898.619,0,fonctionnement_normal_simule
2026-01-01T00:04:05.200000+00:00,simulation_nominale,24.894,46.501,897.531,0,fonctionnement_normal_simule
2026-01-01T00:04:05.400000+00:00,simulation_nominale,24.893,46.409,896.541,0,fonctionnement_normal_simule
2026-01-01T00:04:05.600000+00:00,simulation_nominale,24.878,46.476,902.148,0,fonctionnement_normal_simule
2026-01-01T00:04:05.800000+00:00,simulation_nominale,24.887,46.326,895.861,0,fonctionnement_normal_simule
2026-01-01T00:04:06+00:00,simulation_nominale,24.805,46.417,895.695,0,fonctionnement_normal_simule
2026-01-01T00:04:06.200000+00:00,simulation_nominale,24.912,46.384,899.255,0,fonctionnement_normal_simule
2026-01-01T00:04:06.400000+00:00,simulation_nominale,24.864,46.432,895.976,0,fonctionnement_normal_simule
2026-01-01T00:04:06.600000+00:00,simulation_nominale,24.857,46.366,897.924,0,fonctionnement_normal_simule
2026-01-01T00:04:06.800000+00:00,simulation_nominale,24.864,46.452,897.273,0,fonctionnement_normal_simule
2026-01-01T00:04:07+00:00,simulation_nominale,24.893,46.42,901.56,0,fonctionnement_normal_simule
2026-01-01T00:04:07.200000+00:00,simulation_nominale,24.728,46.338,900.878,0,fonctionnement_normal_simule
2026-01-01T00:04:07.400000+00:00,simulation_nominale,24.761,46.505,898.604,0,fonctionnement_normal_simule
2026-01-01T00:04:07.600000+00:00,simulation_nominale,24.782,46.44,896.413,0,fonctionnement_normal_simule
2026-01-01T00:04:07.800000+00:00,simulation_nominale,24.828,46.495,897.823,0,fonctionnement_normal_simule
2026-01-01T00:04:08+00:00,simulation_nominale,24.828,46.535,900.533,0,fonctionnement_normal_simule
2026-01-01T00:04:08.200000+00:00,simulation_nominale,24.854,46.307,898.346,0,fonctionnement_normal_simule
2026-01-01T00:04:08.400000+00:00,simulation_nominale,24.932,46.287,896.285,0,fonctionnement_normal_simule
2026-01-01T00:04:08.600000+00:00,simulation_nominale,24.922,46.339,899.113,0,fonctionnement_normal_simule
2026-01-01T00:04:08.800000+00:00,simulation_nominale,24.894,46.326,894.144,0,fonctionnement_normal_simule
2026-01-01T00:04:09+00:00,simulation_nominale,24.867,46.453,903.416,0,fonctionnement_normal_simule
2026-01-01T00:04:09.200000+00:00,simulation_nominale,24.873,46.347,901.882,0,fonctionnement_normal_simule
2026-01-01T00:04:09.400000+00:00,simulation_nominale,24.904,46.368,895.272,0,fonctionnement_normal_simule
2026-01-01T00:04:09.600000+00:00,simulation_nominale,24.866,46.357,896.282,0,fonctionnement_normal_simule
2026-01-01T00:04:09.800000+00:00,simulation_nominale,24.871,46.472,898.875,0,fonctionnement_normal_simule
2026-01-01T00:04:10+00:00,simulation_nominale,24.831,46.18,899.447,0,fonctionnement_normal_simule
2026-01-01T00:04:10.200000+00:00,simulation_nominale,24.868,46.257,900.004,0,fonctionnement_normal_simule
2026-01-01T00:04:10.400000+00:00,simulation_nominale,24.906,46.336,900.33,0,fonctionnement_normal_simule
2026-01-01T00:04:10.600000+00:00,simulation_nominale,24.849,46.266,899.057,0,fonctionnement_normal_simule
2026-01-01T00:04:10.800000+00:00,simulation_nominale,24.899,46.391,898.333,0,fonctionnement_normal_simule
2026-01-01T00:04:11+00:00,simulation_nominale,24.874,46.426,900.186,0,fonctionnement_normal_simule
2026-01-01T00:04:11.200000+00:00,simulation_nominale,24.853,46.277,897.477,0,fonctionnement_normal_simule
2026-01-01T00:04:11.400000+00:00,simulation_nominale,24.867,46.19,898.437,0,fonctionnement_normal_simule
2026-01-01T00:04:11.600000+00:00,simulation_nominale,24.999,46.373,902.872,0,fonctionnement_normal_simule
2026-01-01T00:04:11.800000+00:00,simulation_nominale,24.964,46.276,900.996,0,fonctionnement_normal_simule
2026-01-01T00:04:12+00:00,simulation_nominale,24.929,46.196,897.944,0,fonctionnement_normal_simule
2026-01-01T00:04:12.200000+00:00,simulation_nominale,24.965,46.179,900.751,0,fonctionnement_normal_simule
2026-01-01T00:04:12.400000+00:00,simulation_nominale,24.96,46.332,901.167,0,fonctionnement_normal_simule
2026-01-01T00:04:12.600000+00:00,simulation_nominale,24.89,46.309,900.232,0,fonctionnement_normal_simule
2026-01-01T00:04:12.800000+00:00,simulation_nominale,24.904,46.102,901.491,0,fonctionnement_normal_simule
2026-01-01T00:04:13+00:00,simulation_nominale,24.886,46.119,904.164,0,fonctionnement_normal_simule
2026-01-01T00:04:13.200000+00:00,simulation_nominale,24.905,46.216,900.892,0,fonctionnement_normal_simule
2026-01-01T00:04:13.400000+00:00,simulation_nominale,24.961,46.163,899.411,0,fonctionnement_normal_simule
2026-01-01T00:04:13.600000+00:00,simulation_nominale,24.996,46.216,900.861,0,fonctionnement_normal_simule
2026-01-01T00:04:13.800000+00:00,simulation_nominale,24.882,46.187,902.701,0,fonctionnement_normal_simule
2026-01-01T00:04:14+00:00,simulation_nominale,24.945,46.151,901.816,0,fonctionnement_normal_simule
2026-01-01T00:04:14.200000+00:00,simulation_nominale,25.004,46.248,900.012,0,fonctionnement_normal_simule
2026-01-01T00:04:14.400000+00:00,simulation_nominale,25.016,46.346,903.564,0,fonctionnement_normal_simule
2026-01-01T00:04:14.600000+00:00,simulation_nominale,24.93,46.444,898.652,0,fonctionnement_normal_simule
2026-01-01T00:04:14.800000+00:00,simulation_nominale,24.949,46.228,901.193,0,fonctionnement_normal_simule
2026-01-01T00:04:15+00:00,simulation_nominale,25.019,46.303,903.322,0,fonctionnement_normal_simule
2026-01-01T00:04:15.200000+00:00,simulation_nominale,24.975,46.197,903.562,0,fonctionnement_normal_simule
2026-01-01T00:04:15.400000+00:00,simulation_nominale,25.059,46.276,903.253,0,fonctionnement_normal_simule
2026-01-01T00:04:15.600000+00:00,simulation_nominale,25.052,46.138,899.06,0,fonctionnement_normal_simule
2026-01-01T00:04:15.800000+00:00,simulation_nominale,25.048,46.137,904.263,0,fonctionnement_normal_simule
2026-01-01T00:04:16+00:00,simulation_nominale,25.003,46.136,900.996,0,fonctionnement_normal_simule
2026-01-01T00:04:16.200000+00:00,simulation_nominale,25.083,46.221,901.975,0,fonctionnement_normal_simule
2026-01-01T00:04:16.400000+00:00,simulation_nominale,25.063,46.283,898.482,0,fonctionnement_normal_simule
2026-01-01T00:04:16.600000+00:00,simulation_nominale,25.089,46.234,904.513,0,fonctionnement_normal_simule
2026-01-01T00:04:16.800000+00:00,simulation_nominale,25.098,46.08,901.084,0,fonctionnement_normal_simule
2026-01-01T00:04:17+00:00,simulation_nominale,25.1,46.088,901.842,0,fonctionnement_normal_simule
2026-01-01T00:04:17.200000+00:00,simulation_nominale,25.021,46.033,903.009,0,fonctionnement_normal_simule
2026-01-01T00:04:17.400000+00:00,simulation_nominale,25.072,46.061,902.016,0,fonctionnement_normal_simule
2026-01-01T00:04:17.600000+00:00,simulation_nominale,25.109,46.094,902.813,0,fonctionnement_normal_simule
2026-01-01T00:04:17.800000+00:00,simulation_nominale,25.109,46.088,902.521,0,fonctionnement_normal_simule
2026-01-01T00:04:18+00:00,simulation_nominale,25.078,46.061,898.946,0,fonctionnement_normal_simule
2026-01-01T00:04:18.200000+00:00,simulation_nominale,25.075,46.0,901.897,0,fonctionnement_normal_simule
2026-01-01T00:04:18.400000+00:00,simulation_nominale,25.175,46.087,903.071,0,fonctionnement_normal_simule
2026-01-01T00:04:18.600000+00:00,simulation_nominale,25.1,46.104,906.237,0,fonctionnement_normal_simule
2026-01-01T00:04:18.800000+00:00,simulation_nominale,25.143,46.008,900.588,0,fonctionnement_normal_simule
2026-01-01T00:04:19+00:00,simulation_nominale,25.166,45.992,904.421,0,fonctionnement_normal_simule
2026-01-01T00:04:19.200000+00:00,simulation_nominale,25.124,45.928,904.028,0,fonctionnement_normal_simule
2026-01-01T00:04:19.400000+00:00,simulation_nominale,25.121,46.101,905.217,0,fonctionnement_normal_simule
2026-01-01T00:04:19.600000+00:00,simulation_nominale,25.158,46.062,906.0,0,fonctionnement_normal_simule
2026-01-01T00:04:19.800000+00:00,simulation_nominale,25.173,46.166,902.631,0,fonctionnement_normal_simule
2026-01-01T00:04:20+00:00,simulation_nominale,25.163,46.039,903.812,0,fonctionnement_normal_simule
2026-01-01T00:04:20.200000+00:00,simulation_nominale,25.255,46.095,904.173,0,fonctionnement_normal_simule
2026-01-01T00:04:20.400000+00:00,simulation_nominale,25.245,46.031,905.09,0,fonctionnement_normal_simule
2026-01-01T00:04:20.600000+00:00,simulation_nominale,25.208,45.923,903.995,0,fonctionnement_normal_simule
2026-01-01T00:04:20.800000+00:00,simulation_nominale,25.346,46.067,902.249,0,fonctionnement_normal_simule
2026-01-01T00:04:21+00:00,simulation_nominale,25.304,45.845,903.216,0,fonctionnement_normal_simule
2026-01-01T00:04:21.200000+00:00,simulation_nominale,25.274,45.933,902.602,0,fonctionnement_normal_simule
2026-01-01T00:04:21.400000+00:00,simulation_nominale,25.261,45.936,902.293,0,fonctionnement_normal_simule
2026-01-01T00:04:21.600000+00:00,simulation_nominale,25.235,45.847,901.998,0,fonctionnement_normal_simule
2026-01-01T00:04:21.800000+00:00,simulation_nominale,25.284,46.045,902.673,0,fonctionnement_normal_simule
2026-01-01T00:04:22+00:00,simulation_nominale,25.25,46.085,901.783,0,fonctionnement_normal_simule
2026-01-01T00:04:22.200000+00:00,simulation_nominale,25.313,45.874,902.7,0,fonctionnement_normal_simule
2026-01-01T00:04:22.400000+00:00,simulation_nominale,25.335,45.978,906.748,0,fonctionnement_normal_simule
2026-01-01T00:04:22.600000+00:00,simulation_nominale,25.357,45.945,905.523,0,fonctionnement_normal_simule
2026-01-01T00:04:22.800000+00:00,simulation_nominale,25.299,46.022,905.407,0,fonctionnement_normal_simule
2026-01-01T00:04:23+00:00,simulation_nominale,25.371,45.965,901.449,0,fonctionnement_normal_simule
2026-01-01T00:04:23.200000+00:00,simulation_nominale,25.317,45.92,904.765,0,fonctionnement_normal_simule
2026-01-01T00:04:23.400000+00:00,simulation_nominale,25.396,45.91,904.172,0,fonctionnement_normal_simule
2026-01-01T00:04:23.600000+00:00,simulation_nominale,25.434,45.921,906.1,0,fonctionnement_normal_simule
2026-01-01T00:04:23.800000+00:00,simulation_nominale,25.443,45.987,905.307,0,fonctionnement_normal_simule
2026-01-01T00:04:24+00:00,simulation_nominale,25.435,45.899,906.882,0,fonctionnement_normal_simule
2026-01-01T00:04:24.200000+00:00,simulation_nominale,25.509,45.786,903.295,0,fonctionnement_normal_simule
2026-01-01T00:04:24.400000+00:00,simulation_nominale,25.492,45.876,904.005,0,fonctionnement_normal_simule
2026-01-01T00:04:24.600000+00:00,simulation_nominale,25.413,45.928,906.049,0,fonctionnement_normal_simule
2026-01-01T00:04:24.800000+00:00,simulation_nominale,25.532,45.837,906.794,0,fonctionnement_normal_simule
2026-01-01T00:04:25+00:00,simulation_nominale,25.53,45.722,902.946,0,fonctionnement_normal_simule
2026-01-01T00:04:25.200000+00:00,simulation_nominale,25.486,45.782,904.272,0,fonctionnement_normal_simule
2026-01-01T00:04:25.400000+00:00,simulation_nominale,25.46,45.808,903.368,0,fonctionnement_normal_simule
2026-01-01T00:04:25.600000+00:00,simulation_nominale,25.448,45.842,905.486,0,fonctionnement_normal_simule
2026-01-01T00:04:25.800000+00:00,simulation_nominale,25.55,45.845,906.145,0,fonctionnement_normal_simule
2026-01-01T00:04:26+00:00,simulation_nominale,25.553,45.721,904.36,0,fonctionnement_normal_simule
2026-01-01T00:04:26.200000+00:00,simulation_nominale,25.546,45.861,906.709,0,fonctionnement_normal_simule
2026-01-01T00:04:26.400000+00:00,simulation_nominale,25.538,45.762,905.974,0,fonctionnement_normal_simule
2026-01-01T00:04:26.600000+00:00,simulation_nominale,25.513,45.837,907.077,0,fonctionnement_normal_simule
2026-01-01T00:04:26.800000+00:00,simulation_nominale,25.608,45.84,907.586,0,fonctionnement_normal_simule
2026-01-01T00:04:27+00:00,simulation_nominale,25.508,45.77,902.787,0,fonctionnement_normal_simule
2026-01-01T00:04:27.200000+00:00,simulation_nominale,25.558,45.732,908.069,0,fonctionnement_normal_simule
2026-01-01T00:04:27.400000+00:00,simulation_nominale,25.621,45.753,909.33,0,fonctionnement_normal_simule
2026-01-01T00:04:27.600000+00:00,simulation_nominale,25.63,45.649,903.027,0,fonctionnement_normal_simule
2026-01-01T00:04:27.800000+00:00,simulation_nominale,25.598,45.726,902.788,0,fonctionnement_normal_simule
2026-01-01T00:04:28+00:00,simulation_nominale,25.663,45.733,904.483,0,fonctionnement_normal_simule
2026-01-01T00:04:28.200000+00:00,simulation_nominale,25.663,45.74,904.713,0,fonctionnement_normal_simule
2026-01-01T00:04:28.400000+00:00,simulation_nominale,25.701,45.633,907.204,0,fonctionnement_normal_simule
2026-01-01T00:04:28.600000+00:00,simulation_nominale,25.742,45.707,903.535,0,fonctionnement_normal_simule
2026-01-01T00:04:28.800000+00:00,simulation_nominale,25.7,45.679,904.411,0,fonctionnement_normal_simule
2026-01-01T00:04:29+00:00,simulation_nominale,25.659,45.633,907.921,0,fonctionnement_normal_simule
2026-01-01T00:04:29.200000+00:00,simulation_nominale,25.755,45.75,906.145,0,fonctionnement_normal_simule
2026-01-01T00:04:29.400000+00:00,simulation_nominale,25.814,45.578,907.166,0,fonctionnement_normal_simule
2026-01-01T00:04:29.600000+00:00,simulation_nominale,25.739,45.756,906.398,0,fonctionnement_normal_simule
2026-01-01T00:04:29.800000+00:00,simulation_nominale,25.72,45.647,904.138,0,fonctionnement_normal_simule
2026-01-01T00:04:30+00:00,simulation_nominale,25.74,45.692,906.39,0,fonctionnement_normal_simule
2026-01-01T00:04:30.200000+00:00,simulation_nominale,25.822,45.539,909.071,0,fonctionnement_normal_simule
2026-01-01T00:04:30.400000+00:00,simulation_nominale,25.794,45.443,904.733,0,fonctionnement_normal_simule
2026-01-01T00:04:30.600000+00:00,simulation_nominale,25.758,45.474,907.591,0,fonctionnement_normal_simule
2026-01-01T00:04:30.800000+00:00,simulation_nominale,25.842,45.629,905.141,0,fonctionnement_normal_simule
2026-01-01T00:04:31+00:00,simulation_nominale,25.862,45.455,905.694,0,fonctionnement_normal_simule
2026-01-01T00:04:31.200000+00:00,simulation_nominale,25.848,45.517,906.905,0,fonctionnement_normal_simule
2026-01-01T00:04:31.400000+00:00,simulation_nominale,25.866,45.591,907.354,0,fonctionnement_normal_simule
2026-01-01T00:04:31.600000+00:00,simulation_nominale,25.919,45.506,908.093,0,fonctionnement_normal_simule
2026-01-01T00:04:31.800000+00:00,simulation_nominale,25.905,45.555,907.099,0,fonctionnement_normal_simule
2026-01-01T00:04:32+00:00,simulation_nominale,25.821,45.679,905.043,0,fonctionnement_normal_simule
2026-01-01T00:04:32.200000+00:00,simulation_nominale,25.889,45.491,904.294,0,fonctionnement_normal_simule
2026-01-01T00:04:32.400000+00:00,simulation_nominale,26.004,45.457,905.586,0,fonctionnement_normal_simule
2026-01-01T00:04:32.600000+00:00,simulation_nominale,25.915,45.533,909.785,0,fonctionnement_normal_simule
2026-01-01T00:04:32.800000+00:00,simulation_nominale,25.972,45.426,909.677,0,fonctionnement_normal_simule
2026-01-01T00:04:33+00:00,simulation_nominale,25.986,45.421,906.925,0,fonctionnement_normal_simule
2026-01-01T00:04:33.200000+00:00,simulation_nominale,25.994,45.488,907.11,0,fonctionnement_normal_simule
2026-01-01T00:04:33.400000+00:00,simulation_nominale,26.003,45.609,912.81,0,fonctionnement_normal_simule
2026-01-01T00:04:33.600000+00:00,simulation_nominale,26.023,45.377,905.078,0,fonctionnement_normal_simule
2026-01-01T00:04:33.800000+00:00,simulation_nominale,26.062,45.311,906.85,0,fonctionnement_normal_simule
2026-01-01T00:04:34+00:00,simulation_nominale,26.059,45.446,906.438,0,fonctionnement_normal_simule
2026-01-01T00:04:34.200000+00:00,simulation_nominale,26.13,45.485,906.339,0,fonctionnement_normal_simule
2026-01-01T00:04:34.400000+00:00,simulation_nominale,26.101,45.397,906.281,0,fonctionnement_normal_simule
2026-01-01T00:04:34.600000+00:00,simulation_nominale,26.067,45.497,906.228,0,fonctionnement_normal_simule
2026-01-01T00:04:34.800000+00:00,simulation_nominale,26.094,45.474,907.986,0,fonctionnement_normal_simule
2026-01-01T00:04:35+00:00,simulation_nominale,26.12,45.33,912.07,0,fonctionnement_normal_simule
2026-01-01T00:04:35.200000+00:00,simulation_nominale,26.157,45.184,910.046,0,fonctionnement_normal_simule
2026-01-01T00:04:35.400000+00:00,simulation_nominale,26.086,45.254,906.071,0,fonctionnement_normal_simule
2026-01-01T00:04:35.600000+00:00,simulation_nominale,26.202,45.332,907.916,0,fonctionnement_normal_simule
2026-01-01T00:04:35.800000+00:00,simulation_nominale,26.098,45.43,906.988,0,fonctionnement_normal_simule
2026-01-01T00:04:36+00:00,simulation_nominale,26.127,45.36,908.529,0,fonctionnement_normal_simule
2026-01-01T00:04:36.200000+00:00,simulation_nominale,26.196,45.428,908.743,0,fonctionnement_normal_simule
2026-01-01T00:04:36.400000+00:00,simulation_nominale,26.266,45.31,907.82,0,fonctionnement_normal_simule
2026-01-01T00:04:36.600000+00:00,simulation_nominale,26.254,45.398,906.959,0,fonctionnement_normal_simule
2026-01-01T00:04:36.800000+00:00,simulation_nominale,26.308,45.304,907.659,0,fonctionnement_normal_simule
2026-01-01T00:04:37+00:00,simulation_nominale,26.264,45.217,904.38,0,fonctionnement_normal_simule
2026-01-01T00:04:37.200000+00:00,simulation_nominale,26.342,45.361,905.847,0,fonctionnement_normal_simule
2026-01-01T00:04:37.400000+00:00,simulation_nominale,26.279,45.316,906.74,0,fonctionnement_normal_simule
2026-01-01T00:04:37.600000+00:00,simulation_nominale,26.344,45.216,909.722,0,fonctionnement_normal_simule
2026-01-01T00:04:37.800000+00:00,simulation_nominale,26.275,45.287,910.857,0,fonctionnement_normal_simule
2026-01-01T00:04:38+00:00,simulation_nominale,26.332,45.197,908.219,0,fonctionnement_normal_simule
2026-01-01T00:04:38.200000+00:00,simulation_nominale,26.356,45.192,907.005,0,fonctionnement_normal_simule
2026-01-01T00:04:38.400000+00:00,simulation_nominale,26.411,45.328,906.486,0,fonctionnement_normal_simule
2026-01-01T00:04:38.600000+00:00,simulation_nominale,26.301,45.104,905.599,0,fonctionnement_normal_simule
2026-01-01T00:04:38.800000+00:00,simulation_nominale,26.355,45.191,905.077,0,fonctionnement_normal_simule
2026-01-01T00:04:39+00:00,simulation_nominale,26.386,44.954,908.14,0,fonctionnement_normal_simule
2026-01-01T00:04:39.200000+00:00,simulation_nominale,26.457,45.08,902.115,0,fonctionnement_normal_simule
2026-01-01T00:04:39.400000+00:00,simulation_nominale,26.413,45.223,907.072,0,fonctionnement_normal_simule
2026-01-01T00:04:39.600000+00:00,simulation_nominale,26.428,45.26,911.28,0,fonctionnement_normal_simule
2026-01-01T00:04:39.800000+00:00,simulation_nominale,26.456,45.048,908.252,0,fonctionnement_normal_simule
2026-01-01T00:04:40+00:00,simulation_nominale,26.405,45.136,907.442,0,fonctionnement_normal_simule
2026-01-01T00:04:40.200000+00:00,simulation_nominale,26.436,45.25,907.48,0,fonctionnement_normal_simule
2026-01-01T00:04:40.400000+00:00,simulation_nominale,26.412,45.147,909.317,0,fonctionnement_normal_simule
2026-01-01T00:04:40.600000+00:00,simulation_nominale,26.486,45.045,907.089,0,fonctionnement_normal_simule
2026-01-01T00:04:40.800000+00:00,simulation_nominale,26.474,45.057,906.559,0,fonctionnement_normal_simule
2026-01-01T00:04:41+00:00,simulation_nominale,26.501,44.979,908.463,0,fonctionnement_normal_simule
2026-01-01T00:04:41.200000+00:00,simulation_nominale,26.491,45.147,908.739,0,fonctionnement_normal_simule
2026-01-01T00:04:41.400000+00:00,simulation_nominale,26.595,44.958,910.804,0,fonctionnement_normal_simule
2026-01-01T00:04:41.600000+00:00,simulation_nominale,26.543,45.107,909.766,0,fonctionnement_normal_simule
2026-01-01T00:04:41.800000+00:00,simulation_nominale,26.599,45.052,908.9,0,fonctionnement_normal_simule
2026-01-01T00:04:42+00:00,simulation_nominale,26.569,45.095,906.211,0,fonctionnement_normal_simule
2026-01-01T00:04:42.200000+00:00,simulation_nominale,26.602,45.15,912.01,0,fonctionnement_normal_simule
2026-01-01T00:04:42.400000+00:00,simulation_nominale,26.64,45.134,909.046,0,fonctionnement_normal_simule
2026-01-01T00:04:42.600000+00:00,simulation_nominale,26.652,45.163,907.891,0,fonctionnement_normal_simule
2026-01-01T00:04:42.800000+00:00,simulation_nominale,26.559,44.984,908.372,0,fonctionnement_normal_simule
2026-01-01T00:04:43+00:00,simulation_nominale,26.601,44.891,907.013,0,fonctionnement_normal_simule
2026-01-01T00:04:43.200000+00:00,simulation_nominale,26.597,45.05,911.407,0,fonctionnement_normal_simule
2026-01-01T00:04:43.400000+00:00,simulation_nominale,26.686,44.856,908.41,0,fonctionnement_normal_simule
2026-01-01T00:04:43.600000+00:00,simulation_nominale,26.636,44.98,906.346,0,fonctionnement_normal_simule
2026-01-01T00:04:43.800000+00:00,simulation_nominale,26.722,45.003,907.348,0,fonctionnement_normal_simule
2026-01-01T00:04:44+00:00,simulation_nominale,26.714,44.942,911.439,0,fonctionnement_normal_simule
2026-01-01T00:04:44.200000+00:00,simulation_nominale,26.63,44.96,910.465,0,fonctionnement_normal_simule
2026-01-01T00:04:44.400000+00:00,simulation_nominale,26.703,44.877,908.327,0,fonctionnement_normal_simule
2026-01-01T00:04:44.600000+00:00,simulation_nominale,26.692,44.864,905.917,0,fonctionnement_normal_simule
2026-01-01T00:04:44.800000+00:00,simulation_nominale,26.734,44.73,906.752,0,fonctionnement_normal_simule
2026-01-01T00:04:45+00:00,simulation_nominale,26.774,44.857,907.125,0,fonctionnement_normal_simule
2026-01-01T00:04:45.200000+00:00,simulation_nominale,26.799,45.004,906.465,0,fonctionnement_normal_simule
2026-01-01T00:04:45.400000+00:00,simulation_nominale,26.823,44.727,906.238,0,fonctionnement_normal_simule
2026-01-01T00:04:45.600000+00:00,simulation_nominale,26.807,44.878,908.157,0,fonctionnement_normal_simule
2026-01-01T00:04:45.800000+00:00,simulation_nominale,26.831,44.831,909.432,0,fonctionnement_normal_simule
2026-01-01T00:04:46+00:00,simulation_nominale,26.788,44.787,904.144,0,fonctionnement_normal_simule
2026-01-01T00:04:46.200000+00:00,simulation_nominale,26.846,44.758,909.896,0,fonctionnement_normal_simule
2026-01-01T00:04:46.400000+00:00,simulation_nominale,26.87,44.8,908.041,0,fonctionnement_normal_simule
2026-01-01T00:04:46.600000+00:00,simulation_nominale,26.848,44.791,904.935,0,fonctionnement_normal_simule
2026-01-01T00:04:46.800000+00:00,simulation_nominale,26.908,44.752,908.895,0,fonctionnement_normal_simule
2026-01-01T00:04:47+00:00,simulation_nominale,26.873,44.811,908.257,0,fonctionnement_normal_simule
2026-01-01T00:04:47.200000+00:00,simulation_nominale,26.908,44.708,909.786,0,fonctionnement_normal_simule
2026-01-01T00:04:47.400000+00:00,simulation_nominale,26.888,44.771,906.954,0,fonctionnement_normal_simule
2026-01-01T00:04:47.600000+00:00,simulation_nominale,26.89,44.805,905.421,0,fonctionnement_normal_simule
2026-01-01T00:04:47.800000+00:00,simulation_nominale,26.833,44.726,909.15,0,fonctionnement_normal_simule
2026-01-01T00:04:48+00:00,simulation_nominale,26.9,44.848,910.317,0,fonctionnement_normal_simule
2026-01-01T00:04:48.200000+00:00,simulation_nominale,26.978,44.845,908.231,0,fonctionnement_normal_simule
2026-01-01T00:04:48.400000+00:00,simulation_nominale,26.954,44.664,902.311,0,fonctionnement_normal_simule
2026-01-01T00:04:48.600000+00:00,simulation_nominale,26.957,44.647,907.257,0,fonctionnement_normal_simule
2026-01-01T00:04:48.800000+00:00,simulation_nominale,26.851,44.771,907.232,0,fonctionnement_normal_simule
2026-01-01T00:04:49+00:00,simulation_nominale,26.937,44.597,905.987,0,fonctionnement_normal_simule
2026-01-01T00:04:49.200000+00:00,simulation_nominale,26.936,44.602,904.761,0,fonctionnement_normal_simule
2026-01-01T00:04:49.400000+00:00,simulation_nominale,26.97,44.643,909.28,0,fonctionnement_normal_simule
2026-01-01T00:04:49.600000+00:00,simulation_nominale,26.918,44.624,905.752,0,fonctionnement_normal_simule
2026-01-01T00:04:49.800000+00:00,simulation_nominale,27.01,44.646,909.205,0,fonctionnement_normal_simule
2026-01-01T00:04:50+00:00,simulation_nominale,27.079,44.641,908.539,0,fonctionnement_normal_simule
2026-01-01T00:04:50.200000+00:00,simulation_nominale,26.984,44.621,907.5,0,fonctionnement_normal_simule
2026-01-01T00:04:50.400000+00:00,simulation_nominale,27.108,44.53,907.153,0,fonctionnement_normal_simule
2026-01-01T00:04:50.600000+00:00,simulation_nominale,27.032,44.551,908.096,0,fonctionnement_normal_simule
2026-01-01T00:04:50.800000+00:00,simulation_nominale,27.04,44.612,905.915,0,fonctionnement_normal_simule
2026-01-01T00:04:51+00:00,simulation_nominale,27.077,44.518,906.584,0,fonctionnement_normal_simule
2026-01-01T00:04:51.200000+00:00,simulation_nominale,27.09,44.695,905.795,0,fonctionnement_normal_simule
2026-01-01T00:04:51.400000+00:00,simulation_nominale,27.089,44.566,909.35,0,fonctionnement_normal_simule
2026-01-01T00:04:51.600000+00:00,simulation_nominale,27.076,44.699,910.294,0,fonctionnement_normal_simule
2026-01-01T00:04:51.800000+00:00,simulation_nominale,27.041,44.528,905.693,0,fonctionnement_normal_simule
2026-01-01T00:04:52+00:00,simulation_nominale,27.084,44.399,903.811,0,fonctionnement_normal_simule
2026-01-01T00:04:52.200000+00:00,simulation_nominale,27.135,44.562,908.629,0,fonctionnement_normal_simule
2026-01-01T00:04:52.400000+00:00,simulation_nominale,27.066,44.441,906.698,0,fonctionnement_normal_simule
2026-01-01T00:04:52.600000+00:00,simulation_nominale,27.164,44.522,907.414,0,fonctionnement_normal_simule
2026-01-01T00:04:52.800000+00:00,simulation_nominale,27.163,44.537,907.374,0,fonctionnement_normal_simule
2026-01-01T00:04:53+00:00,simulation_nominale,27.14,44.482,910.118,0,fonctionnement_normal_simule
2026-01-01T00:04:53.200000+00:00,simulation_nominale,27.126,44.43,908.294,0,fonctionnement_normal_simule
2026-01-01T00:04:53.400000+00:00,simulation_nominale,27.174,44.441,908.339,0,fonctionnement_normal_simule
2026-01-01T00:04:53.600000+00:00,simulation_nominale,27.186,44.201,903.401,0,fonctionnement_normal_simule
2026-01-01T00:04:53.800000+00:00,simulation_nominale,27.165,44.385,910.181,0,fonctionnement_normal_simule
2026-01-01T00:04:54+00:00,simulation_nominale,27.169,44.442,906.89,0,fonctionnement_normal_simule
2026-01-01T00:04:54.200000+00:00,simulation_nominale,27.147,44.39,906.967,0,fonctionnement_normal_simule
2026-01-01T00:04:54.400000+00:00,simulation_nominale,27.208,44.308,907.161,0,fonctionnement_normal_simule
2026-01-01T00:04:54.600000+00:00,simulation_nominale,27.156,44.429,905.131,0,fonctionnement_normal_simule
2026-01-01T00:04:54.800000+00:00,simulation_nominale,27.185,44.327,906.549,0,fonctionnement_normal_simule
2026-01-01T00:04:55+00:00,simulation_nominale,27.174,44.271,907.381,0,fonctionnement_normal_simule
2026-01-01T00:04:55.200000+00:00,simulation_nominale,27.078,44.365,903.517,0,fonctionnement_normal_simule
2026-01-01T00:04:55.400000+00:00,simulation_nominale,27.206,44.359,908.085,0,fonctionnement_normal_simule
2026-01-01T00:04:55.600000+00:00,simulation_nominale,27.192,44.36,908.644,0,fonctionnement_normal_simule
2026-01-01T00:04:55.800000+00:00,simulation_nominale,27.187,44.365,909.207,0,fonctionnement_normal_simule
2026-01-01T00:04:56+00:00,simulation_nominale,27.237,44.517,907.224,0,fonctionnement_normal_simule
2026-01-01T00:04:56.200000+00:00,simulation_nominale,27.194,44.435,908.101,0,fonctionnement_normal_simule
2026-01-01T00:04:56.400000+00:00,simulation_nominale,27.208,44.384,906.041,0,fonctionnement_normal_simule
2026-01-01T00:04:56.600000+00:00,simulation_nominale,27.243,44.334,905.896,0,fonctionnement_normal_simule
2026-01-01T00:04:56.800000+00:00,simulation_nominale,27.295,44.359,903.443,0,fonctionnement_normal_simule
2026-01-01T00:04:57+00:00,simulation_nominale,27.24,44.29,906.678,0,fonctionnement_normal_simule
2026-01-01T00:04:57.200000+00:00,simulation_nominale,27.245,44.334,902.603,0,fonctionnement_normal_simule
2026-01-01T00:04:57.400000+00:00,simulation_nominale,27.177,44.408,905.893,0,fonctionnement_normal_simule
2026-01-01T00:04:57.600000+00:00,simulation_nominale,27.297,44.329,904.826,0,fonctionnement_normal_simule
2026-01-01T00:04:57.800000+00:00,simulation_nominale,27.179,44.319,906.873,0,fonctionnement_normal_simule
2026-01-01T00:04:58+00:00,simulation_nominale,27.32,44.253,905.935,0,fonctionnement_normal_simule
2026-01-01T00:04:58.200000+00:00,simulation_nominale,27.18,44.212,906.219,0,fonctionnement_normal_simule
2026-01-01T00:04:58.400000+00:00,simulation_nominale,27.242,44.182,908.507,0,fonctionnement_normal_simule
2026-01-01T00:04:58.600000+00:00,simulation_nominale,27.323,44.158,905.812,0,fonctionnement_normal_simule
2026-01-01T00:04:58.800000+00:00,simulation_nominale,27.244,44.354,906.032,0,fonctionnement_normal_simule
2026-01-01T00:04:59+00:00,simulation_nominale,27.288,44.152,908.155,0,fonctionnement_normal_simule
2026-01-01T00:04:59.200000+00:00,simulation_nominale,27.254,44.367,907.626,0,fonctionnement_normal_simule
2026-01-01T00:04:59.400000+00:00,simulation_nominale,27.242,44.251,905.869,0,fonctionnement_normal_simule
2026-01-01T00:04:59.600000+00:00,simulation_nominale,27.261,44.261,905.272,0,fonctionnement_normal_simule
2026-01-01T00:04:59.800000+00:00,simulation_nominale,27.273,44.142,903.774,0,fonctionnement_normal_simule
2026-01-01T00:05:00+00:00,simulation_nominale,27.277,44.198,907.354,0,fonctionnement_normal_simule
2026-01-01T00:05:00.200000+00:00,simulation_nominale,27.221,44.185,908.329,0,fonctionnement_normal_simule
2026-01-01T00:05:00.400000+00:00,simulation_nominale,27.25,44.084,903.227,0,fonctionnement_normal_simule
2026-01-01T00:05:00.600000+00:00,simulation_nominale,27.31,44.058,905.057,0,fonctionnement_normal_simule
2026-01-01T00:05:00.800000+00:00,simulation_nominale,27.252,44.105,904.343,0,fonctionnement_normal_simule
2026-01-01T00:05:01+00:00,simulation_nominale,27.265,44.113,904.784,0,fonctionnement_normal_simule
2026-01-01T00:05:01.200000+00:00,simulation_nominale,27.292,44.098,905.77,0,fonctionnement_normal_simule
2026-01-01T00:05:01.400000+00:00,simulation_nominale,27.262,44.09,904.848,0,fonctionnement_normal_simule
2026-01-01T00:05:01.600000+00:00,simulation_nominale,27.213,44.052,903.364,0,fonctionnement_normal_simule
2026-01-01T00:05:01.800000+00:00,simulation_nominale,27.241,44.091,903.169,0,fonctionnement_normal_simule
2026-01-01T00:05:02+00:00,simulation_nominale,27.246,44.183,908.734,0,fonctionnement_normal_simule
2026-01-01T00:05:02.200000+00:00,simulation_nominale,27.322,44.118,906.752,0,fonctionnement_normal_simule
2026-01-01T00:05:02.400000+00:00,simulation_nominale,27.295,44.065,904.66,0,fonctionnement_normal_simule
2026-01-01T00:05:02.600000+00:00,simulation_nominale,27.268,43.902,902.688,0,fonctionnement_normal_simule
2026-01-01T00:05:02.800000+00:00,simulation_nominale,27.248,44.109,903.341,0,fonctionnement_normal_simule
2026-01-01T00:05:03+00:00,simulation_nominale,27.208,44.06,904.809,0,fonctionnement_normal_simule
2026-01-01T00:05:03.200000+00:00,simulation_nominale,27.31,44.084,908.949,0,fonctionnement_normal_simule
2026-01-01T00:05:03.400000+00:00,simulation_nominale,27.244,44.152,905.941,0,fonctionnement_normal_simule
2026-01-01T00:05:03.600000+00:00,simulation_nominale,27.252,44.029,902.538,0,fonctionnement_normal_simule
2026-01-01T00:05:03.800000+00:00,simulation_nominale,27.271,43.996,903.071,0,fonctionnement_normal_simule
2026-01-01T00:05:04+00:00,simulation_nominale,27.274,43.941,906.14,0,fonctionnement_normal_simule
2026-01-01T00:05:04.200000+00:00,simulation_nominale,27.308,43.961,905.546,0,fonctionnement_normal_simule
2026-01-01T00:05:04.400000+00:00,simulation_nominale,27.229,43.866,904.38,0,fonctionnement_normal_simule
2026-01-01T00:05:04.600000+00:00,simulation_nominale,27.291,43.942,904.732,0,fonctionnement_normal_simule
2026-01-01T00:05:04.800000+00:00,simulation_nominale,27.345,44.235,901.863,0,fonctionnement_normal_simule
2026-01-01T00:05:05+00:00,simulation_nominale,27.278,43.888,909.2,0,fonctionnement_normal_simule
2026-01-01T00:05:05.200000+00:00,simulation_nominale,27.245,44.048,903.654,0,fonctionnement_normal_simule
2026-01-01T00:05:05.400000+00:00,simulation_nominale,27.217,43.955,900.686,0,fonctionnement_normal_simule
2026-01-01T00:05:05.600000+00:00,simulation_nominale,27.231,43.943,903.77,0,fonctionnement_normal_simule
2026-01-01T00:05:05.800000+00:00,simulation_nominale,27.163,43.952,908.353,0,fonctionnement_normal_simule
2026-01-01T00:05:06+00:00,simulation_nominale,27.213,43.976,902.328,0,fonctionnement_normal_simule
2026-01-01T00:05:06.200000+00:00,simulation_nominale,27.135,43.863,901.733,0,fonctionnement_normal_simule
2026-01-01T00:05:06.400000+00:00,simulation_nominale,27.278,43.933,902.586,0,fonctionnement_normal_simule
2026-01-01T00:05:06.600000+00:00,simulation_nominale,27.268,43.939,902.622,0,fonctionnement_normal_simule
2026-01-01T00:05:06.800000+00:00,simulation_nominale,27.264,43.812,902.465,0,fonctionnement_normal_simule
2026-01-01T00:05:07+00:00,simulation_nominale,27.283,43.744,901.222,0,fonctionnement_normal_simule
2026-01-01T00:05:07.200000+00:00,simulation_nominale,27.235,43.927,902.055,0,fonctionnement_normal_simule
2026-01-01T00:05:07.400000+00:00,simulation_nominale,27.242,43.83,904.611,0,fonctionnement_normal_simule
2026-01-01T00:05:07.600000+00:00,simulation_nominale,27.229,44.04,904.27,0,fonctionnement_normal_simule
2026-01-01T00:05:07.800000+00:00,simulation_nominale,27.238,44.001,900.895,0,fonctionnement_normal_simule
2026-01-01T00:05:08+00:00,simulation_nominale,27.2,43.741,904.166,0,fonctionnement_normal_simule
2026-01-01T00:05:08.200000+00:00,simulation_nominale,27.273,43.836,899.914,0,fonctionnement_normal_simule
2026-01-01T00:05:08.400000+00:00,simulation_nominale,27.247,43.809,901.263,0,fonctionnement_normal_simule
2026-01-01T00:05:08.600000+00:00,simulation_nominale,27.258,43.833,901.822,0,fonctionnement_normal_simule
2026-01-01T00:05:08.800000+00:00,simulation_nominale,27.256,43.902,899.99,0,fonctionnement_normal_simule
2026-01-01T00:05:09+00:00,simulation_nominale,27.246,43.709,904.056,0,fonctionnement_normal_simule
2026-01-01T00:05:09.200000+00:00,simulation_nominale,27.2,43.8,900.406,0,fonctionnement_normal_simule
2026-01-01T00:05:09.400000+00:00,simulation_nominale,27.13,43.974,902.135,0,fonctionnement_normal_simule
2026-01-01T00:05:09.600000+00:00,simulation_nominale,27.144,43.875,904.217,0,fonctionnement_normal_simule
2026-01-01T00:05:09.800000+00:00,simulation_nominale,27.176,43.879,903.638,0,fonctionnement_normal_simule
2026-01-01T00:05:10+00:00,simulation_nominale,27.159,43.842,901.421,0,fonctionnement_normal_simule
2026-01-01T00:05:10.200000+00:00,simulation_nominale,27.111,43.71,902.475,0,fonctionnement_normal_simule
2026-01-01T00:05:10.400000+00:00,simulation_nominale,27.116,43.803,900.999,0,fonctionnement_normal_simule
2026-01-01T00:05:10.600000+00:00,simulation_nominale,27.176,43.821,902.029,0,fonctionnement_normal_simule
2026-01-01T00:05:10.800000+00:00,simulation_nominale,27.119,43.782,900.658,0,fonctionnement_normal_simule
2026-01-01T00:05:11+00:00,simulation_nominale,27.134,43.649,901.219,0,fonctionnement_normal_simule
2026-01-01T00:05:11.200000+00:00,simulation_nominale,27.132,43.813,899.024,0,fonctionnement_normal_simule
2026-01-01T00:05:11.400000+00:00,simulation_nominale,27.093,43.745,900.02,0,fonctionnement_normal_simule
2026-01-01T00:05:11.600000+00:00,simulation_nominale,27.054,43.683,901.039,0,fonctionnement_normal_simule
2026-01-01T00:05:11.800000+00:00,simulation_nominale,27.111,43.776,899.199,0,fonctionnement_normal_simule
2026-01-01T00:05:12+00:00,simulation_nominale,27.103,43.742,899.871,0,fonctionnement_normal_simule
2026-01-01T00:05:12.200000+00:00,simulation_nominale,27.043,43.712,902.216,0,fonctionnement_normal_simule
2026-01-01T00:05:12.400000+00:00,simulation_nominale,27.065,43.737,898.701,0,fonctionnement_normal_simule
2026-01-01T00:05:12.600000+00:00,simulation_nominale,27.176,43.56,896.567,0,fonctionnement_normal_simule
2026-01-01T00:05:12.800000+00:00,simulation_nominale,27.035,43.752,904.09,0,fonctionnement_normal_simule
2026-01-01T00:05:13+00:00,simulation_nominale,27.068,43.755,902.303,0,fonctionnement_normal_simule
2026-01-01T00:05:13.200000+00:00,simulation_nominale,27.043,43.569,900.893,0,fonctionnement_normal_simule
2026-01-01T00:05:13.400000+00:00,simulation_nominale,27.04,43.894,898.862,0,fonctionnement_normal_simule
2026-01-01T00:05:13.600000+00:00,simulation_nominale,27.073,43.606,903.289,0,fonctionnement_normal_simule
2026-01-01T00:05:13.800000+00:00,simulation_nominale,27.019,43.777,901.551,0,fonctionnement_normal_simule
2026-01-01T00:05:14+00:00,simulation_nominale,27.032,43.713,898.752,0,fonctionnement_normal_simule
2026-01-01T00:05:14.200000+00:00,simulation_nominale,26.989,43.639,899.758,0,fonctionnement_normal_simule
2026-01-01T00:05:14.400000+00:00,simulation_nominale,26.922,43.709,901.858,0,fonctionnement_normal_simule
2026-01-01T00:05:14.600000+00:00,simulation_nominale,27.025,43.795,900.129,0,fonctionnement_normal_simule
2026-01-01T00:05:14.800000+00:00,simulation_nominale,26.961,43.665,900.528,0,fonctionnement_normal_simule
2026-01-01T00:05:15+00:00,simulation_nominale,26.987,43.708,896.973,0,fonctionnement_normal_simule
2026-01-01T00:05:15.200000+00:00,simulation_nominale,27.004,43.714,901.565,0,fonctionnement_normal_simule
2026-01-01T00:05:15.400000+00:00,simulation_nominale,26.941,43.65,903.379,0,fonctionnement_normal_simule
2026-01-01T00:05:15.600000+00:00,simulation_nominale,26.886,43.531,903.416,0,fonctionnement_normal_simule
2026-01-01T00:05:15.800000+00:00,simulation_nominale,26.928,43.628,898.174,0,fonctionnement_normal_simule
2026-01-01T00:05:16+00:00,simulation_nominale,26.828,43.807,900.676,0,fonctionnement_normal_simule
2026-01-01T00:05:16.200000+00:00,simulation_nominale,26.919,43.719,897.356,0,fonctionnement_normal_simule
2026-01-01T00:05:16.400000+00:00,simulation_nominale,26.906,43.735,894.696,0,fonctionnement_normal_simule
2026-01-01T00:05:16.600000+00:00,simulation_nominale,26.901,43.704,899.229,0,fonctionnement_normal_simule
2026-01-01T00:05:16.800000+00:00,simulation_nominale,26.832,43.627,898.03,0,fonctionnement_normal_simule
2026-01-01T00:05:17+00:00,simulation_nominale,26.871,43.593,900.396,0,fonctionnement_normal_simule
2026-01-01T00:05:17.200000+00:00,simulation_nominale,26.825,43.59,901.125,0,fonctionnement_normal_simule
2026-01-01T00:05:17.400000+00:00,simulation_nominale,26.828,43.67,896.115,0,fonctionnement_normal_simule
2026-01-01T00:05:17.600000+00:00,simulation_nominale,26.884,43.507,898.824,0,fonctionnement_normal_simule
2026-01-01T00:05:17.800000+00:00,simulation_nominale,26.803,43.559,898.003,0,fonctionnement_normal_simule
2026-01-01T00:05:18+00:00,simulation_nominale,26.851,43.755,898.0,0,fonctionnement_normal_simule
2026-01-01T00:05:18.200000+00:00,simulation_nominale,26.775,43.462,901.825,0,fonctionnement_normal_simule
2026-01-01T00:05:18.400000+00:00,simulation_nominale,26.736,43.535,898.526,0,fonctionnement_normal_simule
2026-01-01T00:05:18.600000+00:00,simulation_nominale,26.796,43.726,902.587,0,fonctionnement_normal_simule
2026-01-01T00:05:18.800000+00:00,simulation_nominale,26.785,43.563,896.847,0,fonctionnement_normal_simule
2026-01-01T00:05:19+00:00,simulation_nominale,26.736,43.662,899.992,0,fonctionnement_normal_simule
2026-01-01T00:05:19.200000+00:00,simulation_nominale,26.756,43.442,896.873,0,fonctionnement_normal_simule
2026-01-01T00:05:19.400000+00:00,simulation_nominale,26.778,43.548,897.767,0,fonctionnement_normal_simule
2026-01-01T00:05:19.600000+00:00,simulation_nominale,26.817,43.581,900.697,0,fonctionnement_normal_simule
2026-01-01T00:05:19.800000+00:00,simulation_nominale,26.769,43.644,896.904,0,fonctionnement_normal_simule
2026-01-01T00:05:20+00:00,simulation_nominale,26.592,43.512,898.983,0,fonctionnement_normal_simule
2026-01-01T00:05:20.200000+00:00,simulation_nominale,26.695,43.671,895.409,0,fonctionnement_normal_simule
2026-01-01T00:05:20.400000+00:00,simulation_nominale,26.667,43.41,895.778,0,fonctionnement_normal_simule
2026-01-01T00:05:20.600000+00:00,simulation_nominale,26.667,43.396,899.101,0,fonctionnement_normal_simule
2026-01-01T00:05:20.800000+00:00,simulation_nominale,26.707,43.453,896.875,0,fonctionnement_normal_simule
2026-01-01T00:05:21+00:00,simulation_nominale,26.69,43.605,898.111,0,fonctionnement_normal_simule
2026-01-01T00:05:21.200000+00:00,simulation_nominale,26.613,43.452,896.968,0,fonctionnement_normal_simule
2026-01-01T00:05:21.400000+00:00,simulation_nominale,26.647,43.566,898.61,0,fonctionnement_normal_simule
2026-01-01T00:05:21.600000+00:00,simulation_nominale,26.568,43.487,896.229,0,fonctionnement_normal_simule
2026-01-01T00:05:21.800000+00:00,simulation_nominale,26.528,43.445,896.978,0,fonctionnement_normal_simule
2026-01-01T00:05:22+00:00,simulation_nominale,26.548,43.476,898.336,0,fonctionnement_normal_simule
2026-01-01T00:05:22.200000+00:00,simulation_nominale,26.507,43.583,897.866,0,fonctionnement_normal_simule
2026-01-01T00:05:22.400000+00:00,simulation_nominale,26.597,43.574,898.375,0,fonctionnement_normal_simule
2026-01-01T00:05:22.600000+00:00,simulation_nominale,26.521,43.431,898.434,0,fonctionnement_normal_simule
2026-01-01T00:05:22.800000+00:00,simulation_nominale,26.571,43.531,900.838,0,fonctionnement_normal_simule
2026-01-01T00:05:23+00:00,simulation_nominale,26.528,43.699,896.215,0,fonctionnement_normal_simule
2026-01-01T00:05:23.200000+00:00,simulation_nominale,26.442,43.541,895.053,0,fonctionnement_normal_simule
2026-01-01T00:05:23.400000+00:00,simulation_nominale,26.472,43.515,896.763,0,fonctionnement_normal_simule
2026-01-01T00:05:23.600000+00:00,simulation_nominale,26.447,43.455,895.304,0,fonctionnement_normal_simule
2026-01-01T00:05:23.800000+00:00,simulation_nominale,26.488,43.525,893.61,0,fonctionnement_normal_simule
2026-01-01T00:05:24+00:00,simulation_nominale,26.343,43.503,896.778,0,fonctionnement_normal_simule
2026-01-01T00:05:24.200000+00:00,simulation_nominale,26.362,43.384,897.272,0,fonctionnement_normal_simule
2026-01-01T00:05:24.400000+00:00,simulation_nominale,26.524,43.595,894.087,0,fonctionnement_normal_simule
2026-01-01T00:05:24.600000+00:00,simulation_nominale,26.377,43.514,893.467,0,fonctionnement_normal_simule
2026-01-01T00:05:24.800000+00:00,simulation_nominale,26.312,43.51,897.522,0,fonctionnement_normal_simule
2026-01-01T00:05:25+00:00,simulation_nominale,26.365,43.465,896.892,0,fonctionnement_normal_simule
2026-01-01T00:05:25.200000+00:00,simulation_nominale,26.361,43.44,893.369,0,fonctionnement_normal_simule
2026-01-01T00:05:25.400000+00:00,simulation_nominale,26.352,43.607,896.548,0,fonctionnement_normal_simule
2026-01-01T00:05:25.600000+00:00,simulation_nominale,26.36,43.633,892.613,0,fonctionnement_normal_simule
2026-01-01T00:05:25.800000+00:00,simulation_nominale,26.318,43.619,897.869,0,fonctionnement_normal_simule
2026-01-01T00:05:26+00:00,simulation_nominale,26.341,43.465,896.899,0,fonctionnement_normal_simule
2026-01-01T00:05:26.200000+00:00,simulation_nominale,26.301,43.463,895.851,0,fonctionnement_normal_simule
2026-01-01T00:05:26.400000+00:00,simulation_nominale,26.203,43.442,896.059,0,fonctionnement_normal_simule
2026-01-01T00:05:26.600000+00:00,simulation_nominale,26.284,43.509,898.407,0,fonctionnement_normal_simule
2026-01-01T00:05:26.800000+00:00,simulation_nominale,26.287,43.429,895.071,0,fonctionnement_normal_simule
2026-01-01T00:05:27+00:00,simulation_nominale,26.193,43.573,896.646,0,fonctionnement_normal_simule
2026-01-01T00:05:27.200000+00:00,simulation_nominale,26.167,43.58,892.504,0,fonctionnement_normal_simule
2026-01-01T00:05:27.400000+00:00,simulation_nominale,26.232,43.31,894.724,0,fonctionnement_normal_simule
2026-01-01T00:05:27.600000+00:00,simulation_nominale,26.142,43.558,895.524,0,fonctionnement_normal_simule
2026-01-01T00:05:27.800000+00:00,simulation_nominale,26.068,43.396,893.783,0,fonctionnement_normal_simule
2026-01-01T00:05:28+00:00,simulation_nominale,26.189,43.633,896.259,0,fonctionnement_normal_simule
2026-01-01T00:05:28.200000+00:00,simulation_nominale,26.184,43.442,895.667,0,fonctionnement_normal_simule
2026-01-01T00:05:28.400000+00:00,simulation_nominale,26.118,43.415,894.072,0,fonctionnement_normal_simule
2026-01-01T00:05:28.600000+00:00,simulation_nominale,26.084,43.538,895.703,0,fonctionnement_normal_simule
2026-01-01T00:05:28.800000+00:00,simulation_nominale,26.062,43.458,890.852,0,fonctionnement_normal_simule
2026-01-01T00:05:29+00:00,simulation_nominale,26.09,43.492,894.536,0,fonctionnement_normal_simule
2026-01-01T00:05:29.200000+00:00,simulation_nominale,26.077,43.461,892.607,0,fonctionnement_normal_simule
2026-01-01T00:05:29.400000+00:00,simulation_nominale,26.017,43.473,894.912,0,fonctionnement_normal_simule
2026-01-01T00:05:29.600000+00:00,simulation_nominale,26.002,43.465,891.76,0,fonctionnement_normal_simule
2026-01-01T00:05:29.800000+00:00,simulation_nominale,25.996,43.36,893.041,0,fonctionnement_normal_simule
2026-01-01T00:05:30+00:00,simulation_nominale,26.019,43.514,893.993,0,fonctionnement_normal_simule
2026-01-01T00:05:30.200000+00:00,simulation_nominale,25.974,43.572,891.893,0,fonctionnement_normal_simule
2026-01-01T00:05:30.400000+00:00,simulation_nominale,25.986,43.443,894.751,0,fonctionnement_normal_simule
2026-01-01T00:05:30.600000+00:00,simulation_nominale,25.948,43.457,894.764,0,fonctionnement_normal_simule
2026-01-01T00:05:30.800000+00:00,simulation_nominale,25.914,43.404,893.12,0,fonctionnement_normal_simule
2026-01-01T00:05:31+00:00,simulation_nominale,25.875,43.513,892.816,0,fonctionnement_normal_simule
2026-01-01T00:05:31.200000+00:00,simulation_nominale,25.86,43.531,894.783,0,fonctionnement_normal_simule
2026-01-01T00:05:31.400000+00:00,simulation_nominale,25.889,43.479,895.753,0,fonctionnement_normal_simule
2026-01-01T00:05:31.600000+00:00,simulation_nominale,25.871,43.523,891.605,0,fonctionnement_normal_simule
2026-01-01T00:05:31.800000+00:00,simulation_nominale,25.89,43.492,894.86,0,fonctionnement_normal_simule
2026-01-01T00:05:32+00:00,simulation_nominale,25.842,43.444,891.369,0,fonctionnement_normal_simule
2026-01-01T00:05:32.200000+00:00,simulation_nominale,25.83,43.468,891.129,0,fonctionnement_normal_simule
2026-01-01T00:05:32.400000+00:00,simulation_nominale,25.874,43.587,889.605,0,fonctionnement_normal_simule
2026-01-01T00:05:32.600000+00:00,simulation_nominale,25.724,43.385,893.938,0,fonctionnement_normal_simule
2026-01-01T00:05:32.800000+00:00,simulation_nominale,25.903,43.413,892.943,0,fonctionnement_normal_simule
2026-01-01T00:05:33+00:00,simulation_nominale,25.835,43.469,895.762,0,fonctionnement_normal_simule
2026-01-01T00:05:33.200000+00:00,simulation_nominale,25.804,43.507,895.247,0,fonctionnement_normal_simule
2026-01-01T00:05:33.400000+00:00,simulation_nominale,25.79,43.398,893.088,0,fonctionnement_normal_simule
2026-01-01T00:05:33.600000+00:00,simulation_nominale,25.714,43.514,890.964,0,fonctionnement_normal_simule
2026-01-01T00:05:33.800000+00:00,simulation_nominale,25.685,43.517,893.332,0,fonctionnement_normal_simule
2026-01-01T00:05:34+00:00,simulation_nominale,25.766,43.531,896.168,0,fonctionnement_normal_simule
2026-01-01T00:05:34.200000+00:00,simulation_nominale,25.749,43.607,886.19,0,fonctionnement_normal_simule
2026-01-01T00:05:34.400000+00:00,simulation_nominale,25.651,43.554,890.57,0,fonctionnement_normal_simule
2026-01-01T00:05:34.600000+00:00,simulation_nominale,25.647,43.572,893.27,0,fonctionnement_normal_simule
2026-01-01T00:05:34.800000+00:00,simulation_nominale,25.64,43.659,892.289,0,fonctionnement_normal_simule
2026-01-01T00:05:35+00:00,simulation_nominale,25.685,43.518,893.291,0,fonctionnement_normal_simule
2026-01-01T00:05:35.200000+00:00,simulation_nominale,25.612,43.456,892.609,0,fonctionnement_normal_simule
2026-01-01T00:05:35.400000+00:00,simulation_nominale,25.558,43.574,893.239,0,fonctionnement_normal_simule
2026-01-01T00:05:35.600000+00:00,simulation_nominale,25.581,43.591,890.89,0,fonctionnement_normal_simule
2026-01-01T00:05:35.800000+00:00,simulation_nominale,25.507,43.563,890.182,0,fonctionnement_normal_simule
2026-01-01T00:05:36+00:00,simulation_nominale,25.516,43.544,894.832,0,fonctionnement_normal_simule
2026-01-01T00:05:36.200000+00:00,simulation_nominale,25.527,43.462,895.875,0,fonctionnement_normal_simule
2026-01-01T00:05:36.400000+00:00,simulation_nominale,25.488,43.603,893.687,0,fonctionnement_normal_simule
2026-01-01T00:05:36.600000+00:00,simulation_nominale,25.502,43.527,891.072,0,fonctionnement_normal_simule
2026-01-01T00:05:36.800000+00:00,simulation_nominale,25.491,43.528,891.344,0,fonctionnement_normal_simule
2026-01-01T00:05:37+00:00,simulation_nominale,25.438,43.599,891.515,0,fonctionnement_normal_simule
2026-01-01T00:05:37.200000+00:00,simulation_nominale,25.523,43.532,898.317,0,fonctionnement_normal_simule
2026-01-01T00:05:37.400000+00:00,simulation_nominale,25.5,43.439,889.915,0,fonctionnement_normal_simule
2026-01-01T00:05:37.600000+00:00,simulation_nominale,25.429,43.515,889.322,0,fonctionnement_normal_simule
2026-01-01T00:05:37.800000+00:00,simulation_nominale,25.406,43.553,889.471,0,fonctionnement_normal_simule
2026-01-01T00:05:38+00:00,simulation_nominale,25.434,43.573,890.557,0,fonctionnement_normal_simule
2026-01-01T00:05:38.200000+00:00,simulation_nominale,25.45,43.564,894.724,0,fonctionnement_normal_simule
2026-01-01T00:05:38.400000+00:00,simulation_nominale,25.439,43.543,892.194,0,fonctionnement_normal_simule
2026-01-01T00:05:38.600000+00:00,simulation_nominale,25.418,43.593,889.096,0,fonctionnement_normal_simule
2026-01-01T00:05:38.800000+00:00,simulation_nominale,25.424,43.521,894.723,0,fonctionnement_normal_simule
2026-01-01T00:05:39+00:00,simulation_nominale,25.382,43.517,892.428,0,fonctionnement_normal_simule
2026-01-01T00:05:39.200000+00:00,simulation_nominale,25.419,43.512,888.984,0,fonctionnement_normal_simule
2026-01-01T00:05:39.400000+00:00,simulation_nominale,25.339,43.676,895.555,0,fonctionnement_normal_simule
2026-01-01T00:05:39.600000+00:00,simulation_nominale,25.378,43.409,891.88,0,fonctionnement_normal_simule
2026-01-01T00:05:39.800000+00:00,simulation_nominale,25.306,43.567,890.141,0,fonctionnement_normal_simule
2026-01-01T00:05:40+00:00,simulation_nominale,25.301,43.49,896.949,0,fonctionnement_normal_simule
2026-01-01T00:05:40.200000+00:00,simulation_nominale,25.303,43.547,889.808,0,fonctionnement_normal_simule
2026-01-01T00:05:40.400000+00:00,simulation_nominale,25.327,43.638,894.59,0,fonctionnement_normal_simule
2026-01-01T00:05:40.600000+00:00,simulation_nominale,25.29,43.557,890.79,0,fonctionnement_normal_simule
2026-01-01T00:05:40.800000+00:00,simulation_nominale,25.234,43.566,893.598,0,fonctionnement_normal_simule
2026-01-01T00:05:41+00:00,simulation_nominale,25.231,43.625,893.714,0,fonctionnement_normal_simule
2026-01-01T00:05:41.200000+00:00,simulation_nominale,25.223,43.684,893.031,0,fonctionnement_normal_simule
2026-01-01T00:05:41.400000+00:00,simulation_nominale,25.245,43.607,892.521,0,fonctionnement_normal_simule
2026-01-01T00:05:41.600000+00:00,simulation_nominale,25.183,43.546,892.658,0,fonctionnement_normal_simule
2026-01-01T00:05:41.800000+00:00,simulation_nominale,25.242,43.599,893.146,0,fonctionnement_normal_simule
2026-01-01T00:05:42+00:00,simulation_nominale,25.186,43.558,892.152,0,fonctionnement_normal_simule
2026-01-01T00:05:42.200000+00:00,simulation_nominale,25.199,43.57,890.926,0,fonctionnement_normal_simule
2026-01-01T00:05:42.400000+00:00,simulation_nominale,25.153,43.644,889.151,0,fonctionnement_normal_simule
2026-01-01T00:05:42.600000+00:00,simulation_nominale,25.173,43.654,892.499,0,fonctionnement_normal_simule
2026-01-01T00:05:42.800000+00:00,simulation_nominale,25.129,43.66,889.87,0,fonctionnement_normal_simule
2026-01-01T00:05:43+00:00,simulation_nominale,25.11,43.705,889.409,0,fonctionnement_normal_simule
2026-01-01T00:05:43.200000+00:00,simulation_nominale,25.104,43.599,893.356,0,fonctionnement_normal_simule
2026-01-01T00:05:43.400000+00:00,simulation_nominale,25.062,43.603,889.877,0,fonctionnement_normal_simule
2026-01-01T00:05:43.600000+00:00,simulation_nominale,25.175,43.632,891.0,0,fonctionnement_normal_simule
2026-01-01T00:05:43.800000+00:00,simulation_nominale,25.103,43.728,887.886,0,fonctionnement_normal_simule
2026-01-01T00:05:44+00:00,simulation_nominale,25.045,43.681,890.765,0,fonctionnement_normal_simule
2026-01-01T00:05:44.200000+00:00,simulation_nominale,25.02,43.611,892.332,0,fonctionnement_normal_simule
2026-01-01T00:05:44.400000+00:00,simulation_nominale,25.081,43.829,888.735,0,fonctionnement_normal_simule
2026-01-01T00:05:44.600000+00:00,simulation_nominale,24.999,43.581,893.955,0,fonctionnement_normal_simule
2026-01-01T00:05:44.800000+00:00,simulation_nominale,25.013,43.561,893.631,0,fonctionnement_normal_simule
2026-01-01T00:05:45+00:00,simulation_nominale,25.009,43.776,892.433,0,fonctionnement_normal_simule
2026-01-01T00:05:45.200000+00:00,simulation_nominale,25.003,43.763,893.633,0,fonctionnement_normal_simule
2026-01-01T00:05:45.400000+00:00,simulation_nominale,25.08,43.664,891.363,0,fonctionnement_normal_simule
2026-01-01T00:05:45.600000+00:00,simulation_nominale,25.07,43.791,892.514,0,fonctionnement_normal_simule
2026-01-01T00:05:45.800000+00:00,simulation_nominale,24.968,43.623,889.138,0,fonctionnement_normal_simule
2026-01-01T00:05:46+00:00,simulation_nominale,24.953,43.695,889.618,0,fonctionnement_normal_simule
2026-01-01T00:05:46.200000+00:00,simulation_nominale,25.013,43.511,890.401,0,fonctionnement_normal_simule
2026-01-01T00:05:46.400000+00:00,simulation_nominale,24.948,43.771,893.052,0,fonctionnement_normal_simule
2026-01-01T00:05:46.600000+00:00,simulation_nominale,24.918,43.746,889.922,0,fonctionnement_normal_simule
2026-01-01T00:05:46.800000+00:00,simulation_nominale,24.97,43.635,892.271,0,fonctionnement_normal_simule
2026-01-01T00:05:47+00:00,simulation_nominale,25.009,43.901,894.194,0,fonctionnement_normal_simule
2026-01-01T00:05:47.200000+00:00,simulation_nominale,24.901,43.702,890.16,0,fonctionnement_normal_simule
2026-01-01T00:05:47.400000+00:00,simulation_nominale,24.909,43.609,890.773,0,fonctionnement_normal_simule
2026-01-01T00:05:47.600000+00:00,simulation_nominale,24.971,43.933,892.91,0,fonctionnement_normal_simule
2026-01-01T00:05:47.800000+00:00,simulation_nominale,24.926,43.814,888.888,0,fonctionnement_normal_simule
2026-01-01T00:05:48+00:00,simulation_nominale,24.877,43.83,891.593,0,fonctionnement_normal_simule
2026-01-01T00:05:48.200000+00:00,simulation_nominale,24.888,43.84,888.255,0,fonctionnement_normal_simule
2026-01-01T00:05:48.400000+00:00,simulation_nominale,24.942,43.712,893.206,0,fonctionnement_normal_simule
2026-01-01T00:05:48.600000+00:00,simulation_nominale,24.888,43.841,894.076,0,fonctionnement_normal_simule
2026-01-01T00:05:48.800000+00:00,simulation_nominale,24.841,43.856,893.117,0,fonctionnement_normal_simule
2026-01-01T00:05:49+00:00,simulation_nominale,24.931,43.753,894.492,0,fonctionnement_normal_simule
2026-01-01T00:05:49.200000+00:00,simulation_nominale,24.897,43.765,894.133,0,fonctionnement_normal_simule
2026-01-01T00:05:49.400000+00:00,simulation_nominale,24.846,43.88,891.945,0,fonctionnement_normal_simule
2026-01-01T00:05:49.600000+00:00,simulation_nominale,24.859,43.818,894.189,0,fonctionnement_normal_simule
2026-01-01T00:05:49.800000+00:00,simulation_nominale,24.845,43.866,893.377,0,fonctionnement_normal_simule
2026-01-01T00:05:50+00:00,simulation_nominale,24.807,43.899,895.141,0,fonctionnement_normal_simule
2026-01-01T00:05:50.200000+00:00,simulation_nominale,24.856,43.864,890.509,0,fonctionnement_normal_simule
2026-01-01T00:05:50.400000+00:00,simulation_nominale,24.881,43.715,892.52,0,fonctionnement_normal_simule
2026-01-01T00:05:50.600000+00:00,simulation_nominale,24.886,43.789,893.33,0,fonctionnement_normal_simule
2026-01-01T00:05:50.800000+00:00,simulation_nominale,24.789,43.903,889.441,0,fonctionnement_normal_simule
2026-01-01T00:05:51+00:00,simulation_nominale,24.796,43.806,892.496,0,fonctionnement_normal_simule
2026-01-01T00:05:51.200000+00:00,simulation_nominale,24.74,43.984,892.934,0,fonctionnement_normal_simule
2026-01-01T00:05:51.400000+00:00,simulation_nominale,24.783,43.989,892.289,0,fonctionnement_normal_simule
2026-01-01T00:05:51.600000+00:00,simulation_nominale,24.808,43.9,895.542,0,fonctionnement_normal_simule
2026-01-01T00:05:51.800000+00:00,simulation_nominale,24.799,43.798,892.563,0,fonctionnement_normal_simule
2026-01-01T00:05:52+00:00,simulation_nominale,24.805,43.888,891.11,0,fonctionnement_normal_simule
2026-01-01T00:05:52.200000+00:00,simulation_nominale,24.751,43.761,893.397,0,fonctionnement_normal_simule
2026-01-01T00:05:52.400000+00:00,simulation_nominale,24.745,43.852,893.48,0,fonctionnement_normal_simule
2026-01-01T00:05:52.600000+00:00,simulation_nominale,24.818,43.828,891.786,0,fonctionnement_normal_simule
2026-01-01T00:05:52.800000+00:00,simulation_nominale,24.755,43.958,890.436,0,fonctionnement_normal_simule
2026-01-01T00:05:53+00:00,simulation_nominale,24.734,43.958,891.338,0,fonctionnement_normal_simule
2026-01-01T00:05:53.200000+00:00,simulation_nominale,24.722,43.93,890.742,0,fonctionnement_normal_simule
2026-01-01T00:05:53.400000+00:00,simulation_nominale,24.748,44.041,892.251,0,fonctionnement_normal_simule
2026-01-01T00:05:53.600000+00:00,simulation_nominale,24.75,43.908,889.593,0,fonctionnement_normal_simule
2026-01-01T00:05:53.800000+00:00,simulation_nominale,24.759,44.034,895.192,0,fonctionnement_normal_simule
2026-01-01T00:05:54+00:00,simulation_nominale,24.863,43.936,893.103,0,fonctionnement_normal_simule
2026-01-01T00:05:54.200000+00:00,simulation_nominale,24.702,44.115,894.716,0,fonctionnement_normal_simule
2026-01-01T00:05:54.400000+00:00,simulation_nominale,24.782,44.022,892.501,0,fonctionnement_normal_simule
2026-01-01T00:05:54.600000+00:00,simulation_nominale,24.639,44.082,894.136,0,fonctionnement_normal_simule
2026-01-01T00:05:54.800000+00:00,simulation_nominale,24.748,43.923,894.571,0,fonctionnement_normal_simule
2026-01-01T00:05:55+00:00,simulation_nominale,24.748,44.012,890.658,0,fonctionnement_normal_simule
2026-01-01T00:05:55.200000+00:00,simulation_nominale,24.689,43.997,892.696,0,fonctionnement_normal_simule
2026-01-01T00:05:55.400000+00:00,simulation_nominale,24.69,44.15,892.069,0,fonctionnement_normal_simule
2026-01-01T00:05:55.600000+00:00,simulation_nominale,24.727,44.04,895.928,0,fonctionnement_normal_simule
2026-01-01T00:05:55.800000+00:00,simulation_nominale,24.697,44.012,890.474,0,fonctionnement_normal_simule
2026-01-01T00:05:56+00:00,simulation_nominale,24.768,44.068,893.379,0,fonctionnement_normal_simule
2026-01-01T00:05:56.200000+00:00,simulation_nominale,24.736,44.187,892.882,0,fonctionnement_normal_simule
2026-01-01T00:05:56.400000+00:00,simulation_nominale,24.7,44.003,895.205,0,fonctionnement_normal_simule
2026-01-01T00:05:56.600000+00:00,simulation_nominale,24.746,44.096,891.888,0,fonctionnement_normal_simule
2026-01-01T00:05:56.800000+00:00,simulation_nominale,24.743,44.113,893.439,0,fonctionnement_normal_simule
2026-01-01T00:05:57+00:00,simulation_nominale,24.716,44.111,894.069,0,fonctionnement_normal_simule
2026-01-01T00:05:57.200000+00:00,simulation_nominale,24.701,44.056,889.883,0,fonctionnement_normal_simule
2026-01-01T00:05:57.400000+00:00,simulation_nominale,24.744,44.08,896.457,0,fonctionnement_normal_simule
2026-01-01T00:05:57.600000+00:00,simulation_nominale,24.648,44.11,894.589,0,fonctionnement_normal_simule
2026-01-01T00:05:57.800000+00:00,simulation_nominale,24.691,44.143,894.015,0,fonctionnement_normal_simule
2026-01-01T00:05:58+00:00,simulation_nominale,24.74,44.094,887.141,0,fonctionnement_normal_simule
2026-01-01T00:05:58.200000+00:00,simulation_nominale,24.723,44.128,892.079,0,fonctionnement_normal_simule
2026-01-01T00:05:58.400000+00:00,simulation_nominale,24.667,44.171,894.382,0,fonctionnement_normal_simule
2026-01-01T00:05:58.600000+00:00,simulation_nominale,24.784,44.072,896.008,0,fonctionnement_normal_simule
2026-01-01T00:05:58.800000+00:00,simulation_nominale,24.722,44.105,894.685,0,fonctionnement_normal_simule
2026-01-01T00:05:59+00:00,simulation_nominale,24.757,44.111,896.876,0,fonctionnement_normal_simule
2026-01-01T00:05:59.200000+00:00,simulation_nominale,24.724,44.063,891.508,0,fonctionnement_normal_simule
2026-01-01T00:05:59.400000+00:00,simulation_nominale,24.767,44.126,894.014,0,fonctionnement_normal_simule
2026-01-01T00:05:59.600000+00:00,simulation_nominale,24.729,44.169,895.846,0,fonctionnement_normal_simule
2026-01-01T00:05:59.800000+00:00,simulation_nominale,24.707,44.098,889.337,0,fonctionnement_normal_simule
2026-01-01T00:06:00+00:00,simulation_nominale,24.724,44.174,896.469,0,fonctionnement_normal_simule
2026-01-01T00:06:00.200000+00:00,simulation_nominale,24.702,44.285,893.467,0,fonctionnement_normal_simule
2026-01-01T00:06:00.400000+00:00,simulation_nominale,24.801,44.134,893.297,0,fonctionnement_normal_simule
2026-01-01T00:06:00.600000+00:00,simulation_nominale,24.761,44.316,895.841,0,fonctionnement_normal_simule
2026-01-01T00:06:00.800000+00:00,simulation_nominale,24.683,44.316,894.19,0,fonctionnement_normal_simule
2026-01-01T00:06:01+00:00,simulation_nominale,24.674,44.193,893.567,0,fonctionnement_normal_simule
2026-01-01T00:06:01.200000+00:00,simulation_nominale,24.709,44.351,895.393,0,fonctionnement_normal_simule
2026-01-01T00:06:01.400000+00:00,simulation_nominale,24.79,44.185,891.036,0,fonctionnement_normal_simule
2026-01-01T00:06:01.600000+00:00,simulation_nominale,24.765,44.266,896.16,0,fonctionnement_normal_simule
2026-01-01T00:06:01.800000+00:00,simulation_nominale,24.776,44.285,896.094,0,fonctionnement_normal_simule
2026-01-01T00:06:02+00:00,simulation_nominale,24.756,44.298,898.506,0,fonctionnement_normal_simule
2026-01-01T00:06:02.200000+00:00,simulation_nominale,24.808,44.206,891.444,0,fonctionnement_normal_simule
2026-01-01T00:06:02.400000+00:00,simulation_nominale,24.814,44.264,894.404,0,fonctionnement_normal_simule
2026-01-01T00:06:02.600000+00:00,simulation_nominale,24.744,44.334,893.9,0,fonctionnement_normal_simule
2026-01-01T00:06:02.800000+00:00,simulation_nominale,24.72,44.174,890.004,0,fonctionnement_normal_simule
2026-01-01T00:06:03+00:00,simulation_nominale,24.729,44.424,892.974,0,fonctionnement_normal_simule
2026-01-01T00:06:03.200000+00:00,simulation_nominale,24.774,44.424,897.538,0,fonctionnement_normal_simule
2026-01-01T00:06:03.400000+00:00,simulation_nominale,24.757,44.4,894.221,0,fonctionnement_normal_simule
2026-01-01T00:06:03.600000+00:00,simulation_nominale,24.707,44.429,895.255,0,fonctionnement_normal_simule
2026-01-01T00:06:03.800000+00:00,simulation_nominale,24.754,44.378,895.765,0,fonctionnement_normal_simule
2026-01-01T00:06:04+00:00,simulation_nominale,24.8,44.293,894.812,0,fonctionnement_normal_simule
2026-01-01T00:06:04.200000+00:00,simulation_nominale,24.81,44.44,894.793,0,fonctionnement_normal_simule
2026-01-01T00:06:04.400000+00:00,simulation_nominale,24.76,44.423,897.764,0,fonctionnement_normal_simule
2026-01-01T00:06:04.600000+00:00,simulation_nominale,24.784,44.438,897.451,0,fonctionnement_normal_simule
2026-01-01T00:06:04.800000+00:00,simulation_nominale,24.856,44.515,895.987,0,fonctionnement_normal_simule
2026-01-01T00:06:05+00:00,simulation_nominale,24.875,44.524,893.831,0,fonctionnement_normal_simule
2026-01-01T00:06:05.200000+00:00,simulation_nominale,24.837,44.444,894.183,0,fonctionnement_normal_simule
2026-01-01T00:06:05.400000+00:00,simulation_nominale,24.817,44.274,897.04,0,fonctionnement_normal_simule
2026-01-01T00:06:05.600000+00:00,simulation_nominale,24.87,44.536,898.383,0,fonctionnement_normal_simule
2026-01-01T00:06:05.800000+00:00,simulation_nominale,24.818,44.441,898.841,0,fonctionnement_normal_simule
2026-01-01T00:06:06+00:00,simulation_nominale,24.891,44.404,891.101,0,fonctionnement_normal_simule
2026-01-01T00:06:06.200000+00:00,simulation_nominale,24.845,44.387,896.015,0,fonctionnement_normal_simule
2026-01-01T00:06:06.400000+00:00,simulation_nominale,24.9,44.366,896.508,0,fonctionnement_normal_simule
2026-01-01T00:06:06.600000+00:00,simulation_nominale,24.819,44.689,896.131,0,fonctionnement_normal_simule
2026-01-01T00:06:06.800000+00:00,simulation_nominale,24.893,44.417,891.832,0,fonctionnement_normal_simule
2026-01-01T00:06:07+00:00,simulation_nominale,24.843,44.433,898.513,0,fonctionnement_normal_simule
2026-01-01T00:06:07.200000+00:00,simulation_nominale,24.842,44.585,897.081,0,fonctionnement_normal_simule
2026-01-01T00:06:07.400000+00:00,simulation_nominale,24.891,44.33,895.21,0,fonctionnement_normal_simule
2026-01-01T00:06:07.600000+00:00,simulation_nominale,24.941,44.581,896.679,0,fonctionnement_normal_simule
2026-01-01T00:06:07.800000+00:00,simulation_nominale,24.852,44.558,896.959,0,fonctionnement_normal_simule
2026-01-01T00:06:08+00:00,simulation_nominale,24.898,44.592,895.103,0,fonctionnement_normal_simule
2026-01-01T00:06:08.200000+00:00,simulation_nominale,24.845,44.515,895.215,0,fonctionnement_normal_simule
2026-01-01T00:06:08.400000+00:00,simulation_nominale,24.981,44.634,896.567,0,fonctionnement_normal_simule
2026-01-01T00:06:08.600000+00:00,simulation_nominale,24.919,44.631,899.729,0,fonctionnement_normal_simule
2026-01-01T00:06:08.800000+00:00,simulation_nominale,24.91,44.544,899.116,0,fonctionnement_normal_simule
2026-01-01T00:06:09+00:00,simulation_nominale,24.976,44.57,899.198,0,fonctionnement_normal_simule
2026-01-01T00:06:09.200000+00:00,simulation_nominale,24.987,44.539,897.511,0,fonctionnement_normal_simule
2026-01-01T00:06:09.400000+00:00,simulation_nominale,24.973,44.757,898.251,0,fonctionnement_normal_simule
2026-01-01T00:06:09.600000+00:00,simulation_nominale,25.001,44.645,898.152,0,fonctionnement_normal_simule
2026-01-01T00:06:09.800000+00:00,simulation_nominale,24.935,44.528,897.964,0,fonctionnement_normal_simule
2026-01-01T00:06:10+00:00,simulation_nominale,25.015,44.621,893.264,0,fonctionnement_normal_simule
2026-01-01T00:06:10.200000+00:00,simulation_nominale,24.965,44.706,897.589,0,fonctionnement_normal_simule
2026-01-01T00:06:10.400000+00:00,simulation_nominale,24.991,44.599,897.944,0,fonctionnement_normal_simule
2026-01-01T00:06:10.600000+00:00,simulation_nominale,25.02,44.67,896.478,0,fonctionnement_normal_simule
2026-01-01T00:06:10.800000+00:00,simulation_nominale,25.041,44.715,896.31,0,fonctionnement_normal_simule
2026-01-01T00:06:11+00:00,simulation_nominale,25.111,44.655,897.972,0,fonctionnement_normal_simule
2026-01-01T00:06:11.200000+00:00,simulation_nominale,24.992,44.632,899.557,0,fonctionnement_normal_simule
2026-01-01T00:06:11.400000+00:00,simulation_nominale,25.093,44.739,896.447,0,fonctionnement_normal_simule
2026-01-01T00:06:11.600000+00:00,simulation_nominale,25.087,44.652,900.01,0,fonctionnement_normal_simule
2026-01-01T00:06:11.800000+00:00,simulation_nominale,24.978,44.711,896.352,0,fonctionnement_normal_simule
2026-01-01T00:06:12+00:00,simulation_nominale,25.145,44.736,900.499,0,fonctionnement_normal_simule
2026-01-01T00:06:12.200000+00:00,simulation_nominale,25.161,44.798,894.826,0,fonctionnement_normal_simule
2026-01-01T00:06:12.400000+00:00,simulation_nominale,25.083,44.731,898.981,0,fonctionnement_normal_simule
2026-01-01T00:06:12.600000+00:00,simulation_nominale,25.138,44.675,899.827,0,fonctionnement_normal_simule
2026-01-01T00:06:12.800000+00:00,simulation_nominale,25.093,44.763,898.851,0,fonctionnement_normal_simule
2026-01-01T00:06:13+00:00,simulation_nominale,25.139,44.927,900.693,0,fonctionnement_normal_simule
2026-01-01T00:06:13.200000+00:00,simulation_nominale,25.102,44.721,900.792,0,fonctionnement_normal_simule
2026-01-01T00:06:13.400000+00:00,simulation_nominale,25.17,44.871,898.621,0,fonctionnement_normal_simule
2026-01-01T00:06:13.600000+00:00,simulation_nominale,25.225,44.893,900.223,0,fonctionnement_normal_simule
2026-01-01T00:06:13.800000+00:00,simulation_nominale,25.159,44.889,895.509,0,fonctionnement_normal_simule
2026-01-01T00:06:14+00:00,simulation_nominale,25.188,44.8,897.255,0,fonctionnement_normal_simule
2026-01-01T00:06:14.200000+00:00,simulation_nominale,25.171,44.7,901.364,0,fonctionnement_normal_simule
2026-01-01T00:06:14.400000+00:00,simulation_nominale,25.211,44.856,899.969,0,fonctionnement_normal_simule
2026-01-01T00:06:14.600000+00:00,simulation_nominale,25.273,44.988,898.183,0,fonctionnement_normal_simule
2026-01-01T00:06:14.800000+00:00,simulation_nominale,25.249,44.818,900.591,0,fonctionnement_normal_simule
2026-01-01T00:06:15+00:00,simulation_nominale,25.254,44.973,900.859,0,fonctionnement_normal_simule
2026-01-01T00:06:15.200000+00:00,simulation_nominale,25.296,44.953,899.459,0,fonctionnement_normal_simule
2026-01-01T00:06:15.400000+00:00,simulation_nominale,25.226,44.947,902.731,0,fonctionnement_normal_simule
2026-01-01T00:06:15.600000+00:00,simulation_nominale,25.27,44.876,900.68,0,fonctionnement_normal_simule
2026-01-01T00:06:15.800000+00:00,simulation_nominale,25.366,44.857,894.692,0,fonctionnement_normal_simule
2026-01-01T00:06:16+00:00,simulation_nominale,25.286,44.958,899.318,0,fonctionnement_normal_simule
2026-01-01T00:06:16.200000+00:00,simulation_nominale,25.312,44.92,898.39,0,fonctionnement_normal_simule
2026-01-01T00:06:16.400000+00:00,simulation_nominale,25.302,44.999,900.909,0,fonctionnement_normal_simule
2026-01-01T00:06:16.600000+00:00,simulation_nominale,25.283,45.107,900.727,0,fonctionnement_normal_simule
2026-01-01T00:06:16.800000+00:00,simulation_nominale,25.381,44.968,900.433,0,fonctionnement_normal_simule
2026-01-01T00:06:17+00:00,simulation_nominale,25.326,45.127,902.833,0,fonctionnement_normal_simule
2026-01-01T00:06:17.200000+00:00,simulation_nominale,25.373,44.905,899.472,0,fonctionnement_normal_simule
2026-01-01T00:06:17.400000+00:00,simulation_nominale,25.419,44.989,898.572,0,fonctionnement_normal_simule
2026-01-01T00:06:17.600000+00:00,simulation_nominale,25.414,44.961,902.914,0,fonctionnement_normal_simule
2026-01-01T00:06:17.800000+00:00,simulation_nominale,25.458,45.094,898.908,0,fonctionnement_normal_simule
2026-01-01T00:06:18+00:00,simulation_nominale,25.441,45.139,896.217,0,fonctionnement_normal_simule
2026-01-01T00:06:18.200000+00:00,simulation_nominale,25.453,45.173,904.106,0,fonctionnement_normal_simule
2026-01-01T00:06:18.400000+00:00,simulation_nominale,25.419,45.093,902.652,0,fonctionnement_normal_simule
2026-01-01T00:06:18.600000+00:00,simulation_nominale,25.518,44.933,896.624,0,fonctionnement_normal_simule
2026-01-01T00:06:18.800000+00:00,simulation_nominale,25.489,45.13,900.473,0,fonctionnement_normal_simule
2026-01-01T00:06:19+00:00,simulation_nominale,25.482,45.203,903.757,0,fonctionnement_normal_simule
2026-01-01T00:06:19.200000+00:00,simulation_nominale,25.485,45.123,898.568,0,fonctionnement_normal_simule
2026-01-01T00:06:19.400000+00:00,simulation_nominale,25.59,45.008,898.821,0,fonctionnement_normal_simule
2026-01-01T00:06:19.600000+00:00,simulation_nominale,25.498,45.046,903.596,0,fonctionnement_normal_simule
2026-01-01T00:06:19.800000+00:00,simulation_nominale,25.64,45.161,900.448,0,fonctionnement_normal_simule
2026-01-01T00:06:20+00:00,simulation_nominale,25.589,45.078,903.875,0,fonctionnement_normal_simule
2026-01-01T00:06:20.200000+00:00,simulation_nominale,25.571,45.194,899.896,0,fonctionnement_normal_simule
2026-01-01T00:06:20.400000+00:00,simulation_nominale,25.578,45.041,901.394,0,fonctionnement_normal_simule
2026-01-01T00:06:20.600000+00:00,simulation_nominale,25.635,45.032,899.416,0,fonctionnement_normal_simule
2026-01-01T00:06:20.800000+00:00,simulation_nominale,25.593,45.165,901.334,0,fonctionnement_normal_simule
2026-01-01T00:06:21+00:00,simulation_nominale,25.623,45.223,901.522,0,fonctionnement_normal_simule
2026-01-01T00:06:21.200000+00:00,simulation_nominale,25.571,45.235,904.078,0,fonctionnement_normal_simule
2026-01-01T00:06:21.400000+00:00,simulation_nominale,25.662,45.078,902.214,0,fonctionnement_normal_simule
2026-01-01T00:06:21.600000+00:00,simulation_nominale,25.684,45.15,901.98,0,fonctionnement_normal_simule
2026-01-01T00:06:21.800000+00:00,simulation_nominale,25.729,45.369,902.158,0,fonctionnement_normal_simule
2026-01-01T00:06:22+00:00,simulation_nominale,25.712,45.236,901.163,0,fonctionnement_normal_simule
2026-01-01T00:06:22.200000+00:00,simulation_nominale,25.76,45.336,903.294,0,fonctionnement_normal_simule
2026-01-01T00:06:22.400000+00:00,simulation_nominale,25.697,45.386,904.218,0,fonctionnement_normal_simule
2026-01-01T00:06:22.600000+00:00,simulation_nominale,25.68,45.366,902.551,0,fonctionnement_normal_simule
2026-01-01T00:06:22.800000+00:00,simulation_nominale,25.756,45.127,899.365,0,fonctionnement_normal_simule
2026-01-01T00:06:23+00:00,simulation_nominale,25.798,45.237,903.992,0,fonctionnement_normal_simule
2026-01-01T00:06:23.200000+00:00,simulation_nominale,25.719,45.19,906.265,0,fonctionnement_normal_simule
2026-01-01T00:06:23.400000+00:00,simulation_nominale,25.822,45.308,902.967,0,fonctionnement_normal_simule
2026-01-01T00:06:23.600000+00:00,simulation_nominale,25.771,45.356,904.955,0,fonctionnement_normal_simule
2026-01-01T00:06:23.800000+00:00,simulation_nominale,25.796,45.376,899.287,0,fonctionnement_normal_simule
2026-01-01T00:06:24+00:00,simulation_nominale,25.898,45.428,902.687,0,fonctionnement_normal_simule
2026-01-01T00:06:24.200000+00:00,simulation_nominale,25.826,45.47,901.812,0,fonctionnement_normal_simule
2026-01-01T00:06:24.400000+00:00,simulation_nominale,25.868,45.342,901.051,0,fonctionnement_normal_simule
2026-01-01T00:06:24.600000+00:00,simulation_nominale,25.908,45.343,903.899,0,fonctionnement_normal_simule
2026-01-01T00:06:24.800000+00:00,simulation_nominale,25.866,45.375,902.703,0,fonctionnement_normal_simule
2026-01-01T00:06:25+00:00,simulation_nominale,25.868,45.454,902.945,0,fonctionnement_normal_simule
2026-01-01T00:06:25.200000+00:00,simulation_nominale,25.942,45.465,905.637,0,fonctionnement_normal_simule
2026-01-01T00:06:25.400000+00:00,simulation_nominale,25.901,45.468,902.917,0,fonctionnement_normal_simule
2026-01-01T00:06:25.600000+00:00,simulation_nominale,25.934,45.367,902.389,0,fonctionnement_normal_simule
2026-01-01T00:06:25.800000+00:00,simulation_nominale,25.973,45.407,901.952,0,fonctionnement_normal_simule
2026-01-01T00:06:26+00:00,simulation_nominale,25.996,45.472,901.046,0,fonctionnement_normal_simule
2026-01-01T00:06:26.200000+00:00,simulation_nominale,25.979,45.544,905.747,0,fonctionnement_normal_simule
2026-01-01T00:06:26.400000+00:00,simulation_nominale,25.967,45.374,902.895,0,fonctionnement_normal_simule
2026-01-01T00:06:26.600000+00:00,simulation_nominale,26.056,45.532,899.11,0,fonctionnement_normal_simule
2026-01-01T00:06:26.800000+00:00,simulation_nominale,26.05,45.304,907.633,0,fonctionnement_normal_simule
2026-01-01T00:06:27+00:00,simulation_nominale,26.063,45.46,904.052,0,fonctionnement_normal_simule
2026-01-01T00:06:27.200000+00:00,simulation_nominale,26.069,45.461,904.836,0,fonctionnement_normal_simule
2026-01-01T00:06:27.400000+00:00,simulation_nominale,26.051,45.49,907.028,0,fonctionnement_normal_simule
2026-01-01T00:06:27.600000+00:00,simulation_nominale,25.988,45.523,901.261,0,fonctionnement_normal_simule
2026-01-01T00:06:27.800000+00:00,simulation_nominale,26.076,45.472,909.209,0,fonctionnement_normal_simule
2026-01-01T00:06:28+00:00,simulation_nominale,26.076,45.527,902.948,0,fonctionnement_normal_simule
2026-01-01T00:06:28.200000+00:00,simulation_nominale,26.145,45.507,902.943,0,fonctionnement_normal_simule
2026-01-01T00:06:28.400000+00:00,simulation_nominale,26.198,45.619,904.858,0,fonctionnement_normal_simule
2026-01-01T00:06:28.600000+00:00,simulation_nominale,26.233,45.515,902.762,0,fonctionnement_normal_simule
2026-01-01T00:06:28.800000+00:00,simulation_nominale,26.118,45.672,903.216,0,fonctionnement_normal_simule
2026-01-01T00:06:29+00:00,simulation_nominale,26.211,45.534,900.891,0,fonctionnement_normal_simule
2026-01-01T00:06:29.200000+00:00,simulation_nominale,26.144,45.617,906.97,0,fonctionnement_normal_simule
2026-01-01T00:06:29.400000+00:00,simulation_nominale,26.241,45.632,906.019,0,fonctionnement_normal_simule
2026-01-01T00:06:29.600000+00:00,simulation_nominale,26.097,45.633,904.793,0,fonctionnement_normal_simule
2026-01-01T00:06:29.800000+00:00,simulation_nominale,26.203,45.568,906.54,0,fonctionnement_normal_simule
2026-01-01T00:06:30+00:00,simulation_nominale,26.274,45.787,904.455,0,fonctionnement_normal_simule
2026-01-01T00:06:30.200000+00:00,simulation_nominale,26.21,45.79,904.267,0,fonctionnement_normal_simule
2026-01-01T00:06:30.400000+00:00,simulation_nominale,26.234,45.537,905.811,0,fonctionnement_normal_simule
2026-01-01T00:06:30.600000+00:00,simulation_nominale,26.292,45.725,905.479,0,fonctionnement_normal_simule
2026-01-01T00:06:30.800000+00:00,simulation_nominale,26.302,45.711,906.124,0,fonctionnement_normal_simule
2026-01-01T00:06:31+00:00,simulation_nominale,26.341,45.743,905.534,0,fonctionnement_normal_simule
2026-01-01T00:06:31.200000+00:00,simulation_nominale,26.285,45.748,904.063,0,fonctionnement_normal_simule
2026-01-01T00:06:31.400000+00:00,simulation_nominale,26.313,45.636,909.544,0,fonctionnement_normal_simule
2026-01-01T00:06:31.600000+00:00,simulation_nominale,26.293,45.755,906.69,0,fonctionnement_normal_simule
2026-01-01T00:06:31.800000+00:00,simulation_nominale,26.38,45.708,905.565,0,fonctionnement_normal_simule
2026-01-01T00:06:32+00:00,simulation_nominale,26.349,45.502,903.927,0,fonctionnement_normal_simule
2026-01-01T00:06:32.200000+00:00,simulation_nominale,26.424,45.663,905.784,0,fonctionnement_normal_simule
2026-01-01T00:06:32.400000+00:00,simulation_nominale,26.488,45.66,904.562,0,fonctionnement_normal_simule
2026-01-01T00:06:32.600000+00:00,simulation_nominale,26.384,45.586,903.892,0,fonctionnement_normal_simule
2026-01-01T00:06:32.800000+00:00,simulation_nominale,26.35,45.798,905.191,0,fonctionnement_normal_simule
2026-01-01T00:06:33+00:00,simulation_nominale,26.334,45.828,907.686,0,fonctionnement_normal_simule
2026-01-01T00:06:33.200000+00:00,simulation_nominale,26.417,45.847,906.971,0,fonctionnement_normal_simule
2026-01-01T00:06:33.400000+00:00,simulation_nominale,26.407,45.803,906.221,0,fonctionnement_normal_simule
2026-01-01T00:06:33.600000+00:00,simulation_nominale,26.422,45.707,906.722,0,fonctionnement_normal_simule
2026-01-01T00:06:33.800000+00:00,simulation_nominale,26.56,45.794,906.38,0,fonctionnement_normal_simule
2026-01-01T00:06:34+00:00,simulation_nominale,26.438,45.785,905.608,0,fonctionnement_normal_simule
2026-01-01T00:06:34.200000+00:00,simulation_nominale,26.477,45.762,905.968,0,fonctionnement_normal_simule
2026-01-01T00:06:34.400000+00:00,simulation_nominale,26.481,45.922,910.217,0,fonctionnement_normal_simule
2026-01-01T00:06:34.600000+00:00,simulation_nominale,26.485,45.802,907.035,0,fonctionnement_normal_simule
2026-01-01T00:06:34.800000+00:00,simulation_nominale,26.55,45.778,905.077,0,fonctionnement_normal_simule
2026-01-01T00:06:35+00:00,simulation_nominale,26.562,45.716,910.699,0,fonctionnement_normal_simule
2026-01-01T00:06:35.200000+00:00,simulation_nominale,26.562,45.831,906.018,0,fonctionnement_normal_simule
2026-01-01T00:06:35.400000+00:00,simulation_nominale,26.519,46.008,906.199,0,fonctionnement_normal_simule
2026-01-01T00:06:35.600000+00:00,simulation_nominale,26.555,46.012,908.479,0,fonctionnement_normal_simule
2026-01-01T00:06:35.800000+00:00,simulation_nominale,26.576,45.915,905.798,0,fonctionnement_normal_simule
2026-01-01T00:06:36+00:00,simulation_nominale,26.581,45.87,907.104,0,fonctionnement_normal_simule
2026-01-01T00:06:36.200000+00:00,simulation_nominale,26.65,46.054,902.21,0,fonctionnement_normal_simule
2026-01-01T00:06:36.400000+00:00,simulation_nominale,26.71,45.986,906.634,0,fonctionnement_normal_simule
2026-01-01T00:06:36.600000+00:00,simulation_nominale,26.611,45.763,909.035,0,fonctionnement_normal_simule
2026-01-01T00:06:36.800000+00:00,simulation_nominale,26.595,45.972,905.861,0,fonctionnement_normal_simule
2026-01-01T00:06:37+00:00,simulation_nominale,26.585,45.961,907.706,0,fonctionnement_normal_simule
2026-01-01T00:06:37.200000+00:00,simulation_nominale,26.623,46.004,910.387,0,fonctionnement_normal_simule
2026-01-01T00:06:37.400000+00:00,simulation_nominale,26.691,45.978,905.351,0,fonctionnement_normal_simule
2026-01-01T00:06:37.600000+00:00,simulation_nominale,26.64,45.919,906.998,0,fonctionnement_normal_simule
2026-01-01T00:06:37.800000+00:00,simulation_nominale,26.693,45.943,911.885,0,fonctionnement_normal_simule
2026-01-01T00:06:38+00:00,simulation_nominale,26.725,45.889,904.54,0,fonctionnement_normal_simule
2026-01-01T00:06:38.200000+00:00,simulation_nominale,26.643,45.894,908.138,0,fonctionnement_normal_simule
2026-01-01T00:06:38.400000+00:00,simulation_nominale,26.711,45.926,908.199,0,fonctionnement_normal_simule
2026-01-01T00:06:38.600000+00:00,simulation_nominale,26.755,46.019,907.031,0,fonctionnement_normal_simule
2026-01-01T00:06:38.800000+00:00,simulation_nominale,26.741,45.891,903.404,0,fonctionnement_normal_simule
2026-01-01T00:06:39+00:00,simulation_nominale,26.72,45.941,905.493,0,fonctionnement_normal_simule
2026-01-01T00:06:39.200000+00:00,simulation_nominale,26.755,45.974,904.558,0,fonctionnement_normal_simule
2026-01-01T00:06:39.400000+00:00,simulation_nominale,26.768,46.046,906.217,0,fonctionnement_normal_simule
2026-01-01T00:06:39.600000+00:00,simulation_nominale,26.814,46.052,908.016,0,fonctionnement_normal_simule
2026-01-01T00:06:39.800000+00:00,simulation_nominale,26.776,46.067,908.636,0,fonctionnement_normal_simule
2026-01-01T00:06:40+00:00,simulation_nominale,26.723,46.126,906.281,0,fonctionnement_normal_simule
2026-01-01T00:06:40.200000+00:00,simulation_nominale,26.835,45.864,906.468,0,fonctionnement_normal_simule
2026-01-01T00:06:40.400000+00:00,simulation_nominale,26.75,46.043,907.73,0,fonctionnement_normal_simule
2026-01-01T00:06:40.600000+00:00,simulation_nominale,26.843,46.064,904.893,0,fonctionnement_normal_simule
2026-01-01T00:06:40.800000+00:00,simulation_nominale,26.888,45.962,906.756,0,fonctionnement_normal_simule
2026-01-01T00:06:41+00:00,simulation_nominale,26.813,46.028,904.651,0,fonctionnement_normal_simule
2026-01-01T00:06:41.200000+00:00,simulation_nominale,26.897,46.143,907.629,0,fonctionnement_normal_simule
2026-01-01T00:06:41.400000+00:00,simulation_nominale,26.856,46.013,907.294,0,fonctionnement_normal_simule
2026-01-01T00:06:41.600000+00:00,simulation_nominale,26.834,46.104,908.329,0,fonctionnement_normal_simule
2026-01-01T00:06:41.800000+00:00,simulation_nominale,26.868,46.136,908.735,0,fonctionnement_normal_simule
2026-01-01T00:06:42+00:00,simulation_nominale,26.919,46.269,904.738,0,fonctionnement_normal_simule
2026-01-01T00:06:42.200000+00:00,simulation_nominale,26.845,46.02,907.222,0,fonctionnement_normal_simule
2026-01-01T00:06:42.400000+00:00,simulation_nominale,26.839,46.081,909.318,0,fonctionnement_normal_simule
2026-01-01T00:06:42.600000+00:00,simulation_nominale,26.939,46.262,909.372,0,fonctionnement_normal_simule
2026-01-01T00:06:42.800000+00:00,simulation_nominale,26.958,46.095,906.972,0,fonctionnement_normal_simule
2026-01-01T00:06:43+00:00,simulation_nominale,26.96,46.212,903.877,0,fonctionnement_normal_simule
2026-01-01T00:06:43.200000+00:00,simulation_nominale,26.877,46.072,906.01,0,fonctionnement_normal_simule
2026-01-01T00:06:43.400000+00:00,simulation_nominale,26.993,46.301,908.41,0,fonctionnement_normal_simule
2026-01-01T00:06:43.600000+00:00,simulation_nominale,26.961,46.318,908.667,0,fonctionnement_normal_simule
2026-01-01T00:06:43.800000+00:00,simulation_nominale,26.977,46.199,908.537,0,fonctionnement_normal_simule
2026-01-01T00:06:44+00:00,simulation_nominale,27.015,46.233,907.977,0,fonctionnement_normal_simule
2026-01-01T00:06:44.200000+00:00,simulation_nominale,26.952,46.202,904.498,0,fonctionnement_normal_simule
2026-01-01T00:06:44.400000+00:00,simulation_nominale,26.993,46.198,908.482,0,fonctionnement_normal_simule
2026-01-01T00:06:44.600000+00:00,simulation_nominale,26.935,46.231,908.222,0,fonctionnement_normal_simule
2026-01-01T00:06:44.800000+00:00,simulation_nominale,26.987,46.229,906.211,0,fonctionnement_normal_simule
2026-01-01T00:06:45+00:00,simulation_nominale,26.936,46.242,903.481,0,fonctionnement_normal_simule
2026-01-01T00:06:45.200000+00:00,simulation_nominale,27.024,46.377,908.639,0,fonctionnement_normal_simule
2026-01-01T00:06:45.400000+00:00,simulation_nominale,27.04,46.348,909.998,0,fonctionnement_normal_simule
2026-01-01T00:06:45.600000+00:00,simulation_nominale,27.103,46.154,907.239,0,fonctionnement_normal_simule
2026-01-01T00:06:45.800000+00:00,simulation_nominale,27.037,46.1,907.919,0,fonctionnement_normal_simule
2026-01-01T00:06:46+00:00,simulation_nominale,27.026,46.339,910.077,0,fonctionnement_normal_simule
2026-01-01T00:06:46.200000+00:00,simulation_nominale,27.06,46.296,908.074,0,fonctionnement_normal_simule
2026-01-01T00:06:46.400000+00:00,simulation_nominale,27.046,46.307,909.983,0,fonctionnement_normal_simule
2026-01-01T00:06:46.600000+00:00,simulation_nominale,27.011,46.288,907.817,0,fonctionnement_normal_simule
2026-01-01T00:06:46.800000+00:00,simulation_nominale,27.055,46.349,907.473,0,fonctionnement_normal_simule
2026-01-01T00:06:47+00:00,simulation_nominale,27.013,46.19,906.834,0,fonctionnement_normal_simule
2026-01-01T00:06:47.200000+00:00,simulation_nominale,27.079,46.255,906.789,0,fonctionnement_normal_simule
2026-01-01T00:06:47.400000+00:00,simulation_nominale,27.09,46.286,909.391,0,fonctionnement_normal_simule
2026-01-01T00:06:47.600000+00:00,simulation_nominale,27.152,46.429,908.683,0,fonctionnement_normal_simule
2026-01-01T00:06:47.800000+00:00,simulation_nominale,27.082,46.373,910.552,0,fonctionnement_normal_simule
2026-01-01T00:06:48+00:00,simulation_nominale,27.058,46.191,909.724,0,fonctionnement_normal_simule
2026-01-01T00:06:48.200000+00:00,simulation_nominale,27.086,46.343,909.085,0,fonctionnement_normal_simule
2026-01-01T00:06:48.400000+00:00,simulation_nominale,27.053,46.258,910.143,0,fonctionnement_normal_simule
2026-01-01T00:06:48.600000+00:00,simulation_nominale,27.078,46.241,907.449,0,fonctionnement_normal_simule
2026-01-01T00:06:48.800000+00:00,simulation_nominale,27.105,46.268,911.473,0,fonctionnement_normal_simule
2026-01-01T00:06:49+00:00,simulation_nominale,27.125,46.194,908.456,0,fonctionnement_normal_simule
2026-01-01T00:06:49.200000+00:00,simulation_nominale,27.159,46.582,907.052,0,fonctionnement_normal_simule
2026-01-01T00:06:49.400000+00:00,simulation_nominale,27.1,46.215,909.103,0,fonctionnement_normal_simule
2026-01-01T00:06:49.600000+00:00,simulation_nominale,27.122,46.35,905.817,0,fonctionnement_normal_simule
2026-01-01T00:06:49.800000+00:00,simulation_nominale,27.137,46.479,910.698,0,fonctionnement_normal_simule
2026-01-01T00:06:50+00:00,simulation_nominale,27.123,46.333,909.771,0,fonctionnement_normal_simule
2026-01-01T00:06:50.200000+00:00,simulation_nominale,27.106,46.139,904.532,0,fonctionnement_normal_simule
2026-01-01T00:06:50.400000+00:00,simulation_nominale,27.169,46.452,907.71,0,fonctionnement_normal_simule
2026-01-01T00:06:50.600000+00:00,simulation_nominale,27.085,46.326,905.38,0,fonctionnement_normal_simule
2026-01-01T00:06:50.800000+00:00,simulation_nominale,27.109,46.494,906.692,0,fonctionnement_normal_simule
2026-01-01T00:06:51+00:00,simulation_nominale,27.089,46.251,908.344,0,fonctionnement_normal_simule
2026-01-01T00:06:51.200000+00:00,simulation_nominale,27.085,46.415,907.305,0,fonctionnement_normal_simule
2026-01-01T00:06:51.400000+00:00,simulation_nominale,27.192,46.415,908.865,0,fonctionnement_normal_simule
2026-01-01T00:06:51.600000+00:00,simulation_nominale,27.071,46.373,908.506,0,fonctionnement_normal_simule
2026-01-01T00:06:51.800000+00:00,simulation_nominale,27.142,46.404,908.13,0,fonctionnement_normal_simule
2026-01-01T00:06:52+00:00,simulation_nominale,27.084,46.187,905.639,0,fonctionnement_normal_simule
2026-01-01T00:06:52.200000+00:00,simulation_nominale,27.172,46.447,910.141,0,fonctionnement_normal_simule
2026-01-01T00:06:52.400000+00:00,simulation_nominale,27.146,46.405,907.876,0,fonctionnement_normal_simule
2026-01-01T00:06:52.600000+00:00,simulation_nominale,27.066,46.405,906.53,0,fonctionnement_normal_simule
2026-01-01T00:06:52.800000+00:00,simulation_nominale,27.111,46.316,907.673,0,fonctionnement_normal_simule
2026-01-01T00:06:53+00:00,simulation_nominale,27.173,46.462,905.848,0,fonctionnement_normal_simule
2026-01-01T00:06:53.200000+00:00,simulation_nominale,27.147,46.396,903.749,0,fonctionnement_normal_simule
2026-01-01T00:06:53.400000+00:00,simulation_nominale,27.175,46.354,908.913,0,fonctionnement_normal_simule
2026-01-01T00:06:53.600000+00:00,simulation_nominale,27.106,46.471,910.229,0,fonctionnement_normal_simule
2026-01-01T00:06:53.800000+00:00,simulation_nominale,27.149,46.456,906.404,0,fonctionnement_normal_simule
2026-01-01T00:06:54+00:00,simulation_nominale,27.126,46.326,909.795,0,fonctionnement_normal_simule
2026-01-01T00:06:54.200000+00:00,simulation_nominale,27.186,46.38,907.743,0,fonctionnement_normal_simule
2026-01-01T00:06:54.400000+00:00,simulation_nominale,27.112,46.317,906.614,0,fonctionnement_normal_simule
2026-01-01T00:06:54.600000+00:00,simulation_nominale,27.09,46.27,908.211,0,fonctionnement_normal_simule
2026-01-01T00:06:54.800000+00:00,simulation_nominale,27.098,46.425,902.279,0,fonctionnement_normal_simule
2026-01-01T00:06:55+00:00,simulation_nominale,27.141,46.376,906.319,0,fonctionnement_normal_simule
2026-01-01T00:06:55.200000+00:00,simulation_nominale,27.171,46.424,908.141,0,fonctionnement_normal_simule
2026-01-01T00:06:55.400000+00:00,simulation_nominale,27.138,46.476,905.933,0,fonctionnement_normal_simule
2026-01-01T00:06:55.600000+00:00,simulation_nominale,27.134,46.421,908.906,0,fonctionnement_normal_simule
2026-01-01T00:06:55.800000+00:00,simulation_nominale,27.111,46.503,908.516,0,fonctionnement_normal_simule
2026-01-01T00:06:56+00:00,simulation_nominale,27.109,46.504,906.632,0,fonctionnement_normal_simule
2026-01-01T00:06:56.200000+00:00,simulation_nominale,27.106,46.384,905.251,0,fonctionnement_normal_simule
2026-01-01T00:06:56.400000+00:00,simulation_nominale,27.142,46.435,906.756,0,fonctionnement_normal_simule
2026-01-01T00:06:56.600000+00:00,simulation_nominale,27.162,46.524,907.558,0,fonctionnement_normal_simule
2026-01-01T00:06:56.800000+00:00,simulation_nominale,27.049,46.494,903.388,0,fonctionnement_normal_simule
2026-01-01T00:06:57+00:00,simulation_nominale,27.089,46.445,910.342,0,fonctionnement_normal_simule
2026-01-01T00:06:57.200000+00:00,simulation_nominale,27.023,46.338,905.808,0,fonctionnement_normal_simule
2026-01-01T00:06:57.400000+00:00,simulation_nominale,27.148,46.332,905.605,0,fonctionnement_normal_simule
2026-01-01T00:06:57.600000+00:00,simulation_nominale,27.167,46.535,905.954,0,fonctionnement_normal_simule
2026-01-01T00:06:57.800000+00:00,simulation_nominale,27.157,46.474,905.32,0,fonctionnement_normal_simule
2026-01-01T00:06:58+00:00,simulation_nominale,27.085,46.419,904.94,0,fonctionnement_normal_simule
2026-01-01T00:06:58.200000+00:00,simulation_nominale,27.129,46.552,904.18,0,fonctionnement_normal_simule
2026-01-01T00:06:58.400000+00:00,simulation_nominale,27.135,46.389,906.877,0,fonctionnement_normal_simule
2026-01-01T00:06:58.600000+00:00,simulation_nominale,27.117,46.556,906.935,0,fonctionnement_normal_simule
2026-01-01T00:06:58.800000+00:00,simulation_nominale,27.112,46.607,910.174,0,fonctionnement_normal_simule
2026-01-01T00:06:59+00:00,simulation_nominale,27.141,46.538,907.92,0,fonctionnement_normal_simule
2026-01-01T00:06:59.200000+00:00,simulation_nominale,27.161,46.539,905.507,0,fonctionnement_normal_simule
2026-01-01T00:06:59.400000+00:00,simulation_nominale,27.097,46.514,904.036,0,fonctionnement_normal_simule
2026-01-01T00:06:59.600000+00:00,simulation_nominale,27.066,46.62,904.505,0,fonctionnement_normal_simule
2026-01-01T00:06:59.800000+00:00,simulation_nominale,27.105,46.51,908.667,0,fonctionnement_normal_simule
2026-01-01T00:07:00+00:00,simulation_nominale,27.05,46.424,906.8,0,fonctionnement_normal_simule
2026-01-01T00:07:00.200000+00:00,simulation_nominale,27.052,46.611,907.013,0,fonctionnement_normal_simule
2026-01-01T00:07:00.400000+00:00,simulation_nominale,27.107,46.409,907.785,0,fonctionnement_normal_simule
2026-01-01T00:07:00.600000+00:00,simulation_nominale,27.169,46.485,904.317,0,fonctionnement_normal_simule
2026-01-01T00:07:00.800000+00:00,simulation_nominale,27.11,46.453,903.936,0,fonctionnement_normal_simule
2026-01-01T00:07:01+00:00,simulation_nominale,27.015,46.397,907.511,0,fonctionnement_normal_simule
2026-01-01T00:07:01.200000+00:00,simulation_nominale,27.022,46.423,905.674,0,fonctionnement_normal_simule
2026-01-01T00:07:01.400000+00:00,simulation_nominale,27.068,46.565,908.836,0,fonctionnement_normal_simule
2026-01-01T00:07:01.600000+00:00,simulation_nominale,27.033,46.576,904.747,0,fonctionnement_normal_simule
2026-01-01T00:07:01.800000+00:00,simulation_nominale,27.11,46.545,906.804,0,fonctionnement_normal_simule
2026-01-01T00:07:02+00:00,simulation_nominale,26.973,46.574,905.287,0,fonctionnement_normal_simule
2026-01-01T00:07:02.200000+00:00,simulation_nominale,27.007,46.431,904.959,0,fonctionnement_normal_simule
2026-01-01T00:07:02.400000+00:00,simulation_nominale,27.046,46.532,906.224,0,fonctionnement_normal_simule
2026-01-01T00:07:02.600000+00:00,simulation_nominale,27.096,46.398,906.641,0,fonctionnement_normal_simule
2026-01-01T00:07:02.800000+00:00,simulation_nominale,26.962,46.544,907.163,0,fonctionnement_normal_simule
2026-01-01T00:07:03+00:00,simulation_nominale,27.015,46.539,907.132,0,fonctionnement_normal_simule
2026-01-01T00:07:03.200000+00:00,simulation_nominale,27.024,46.389,907.665,0,fonctionnement_normal_simule
2026-01-01T00:07:03.400000+00:00,simulation_nominale,27.068,46.589,905.335,0,fonctionnement_normal_simule
2026-01-01T00:07:03.600000+00:00,simulation_nominale,27.071,46.52,908.145,0,fonctionnement_normal_simule
2026-01-01T00:07:03.800000+00:00,simulation_nominale,27.014,46.615,902.561,0,fonctionnement_normal_simule
2026-01-01T00:07:04+00:00,simulation_nominale,26.949,46.542,905.211,0,fonctionnement_normal_simule
2026-01-01T00:07:04.200000+00:00,simulation_nominale,26.96,46.62,904.511,0,fonctionnement_normal_simule
2026-01-01T00:07:04.400000+00:00,simulation_nominale,26.98,46.53,905.123,0,fonctionnement_normal_simule
2026-01-01T00:07:04.600000+00:00,simulation_nominale,26.869,46.351,905.001,0,fonctionnement_normal_simule
2026-01-01T00:07:04.800000+00:00,simulation_nominale,27.043,46.442,905.413,0,fonctionnement_normal_simule
2026-01-01T00:07:05+00:00,simulation_nominale,27.031,46.502,906.42,0,fonctionnement_normal_simule
2026-01-01T00:07:05.200000+00:00,simulation_nominale,26.954,46.432,903.626,0,fonctionnement_normal_simule
2026-01-01T00:07:05.400000+00:00,simulation_nominale,26.915,46.498,903.815,0,fonctionnement_normal_simule
2026-01-01T00:07:05.600000+00:00,simulation_nominale,26.908,46.519,907.621,0,fonctionnement_normal_simule
2026-01-01T00:07:05.800000+00:00,simulation_nominale,27.015,46.441,905.729,0,fonctionnement_normal_simule
2026-01-01T00:07:06+00:00,simulation_nominale,26.874,46.448,901.659,0,fonctionnement_normal_simule
2026-01-01T00:07:06.200000+00:00,simulation_nominale,26.975,46.462,906.957,0,fonctionnement_normal_simule
2026-01-01T00:07:06.400000+00:00,simulation_nominale,26.857,46.308,908.392,0,fonctionnement_normal_simule
2026-01-01T00:07:06.600000+00:00,simulation_nominale,26.827,46.412,907.318,0,fonctionnement_normal_simule
2026-01-01T00:07:06.800000+00:00,simulation_nominale,26.887,46.479,907.519,0,fonctionnement_normal_simule
2026-01-01T00:07:07+00:00,simulation_nominale,26.865,46.557,902.312,0,fonctionnement_normal_simule
2026-01-01T00:07:07.200000+00:00,simulation_nominale,26.926,46.448,905.078,0,fonctionnement_normal_simule
2026-01-01T00:07:07.400000+00:00,simulation_nominale,26.832,46.426,904.096,0,fonctionnement_normal_simule
2026-01-01T00:07:07.600000+00:00,simulation_nominale,26.889,46.47,904.98,0,fonctionnement_normal_simule
2026-01-01T00:07:07.800000+00:00,simulation_nominale,26.826,46.595,901.595,0,fonctionnement_normal_simule
2026-01-01T00:07:08+00:00,simulation_nominale,26.77,46.601,900.136,0,fonctionnement_normal_simule
2026-01-01T00:07:08.200000+00:00,simulation_nominale,26.897,46.485,905.261,0,fonctionnement_normal_simule
2026-01-01T00:07:08.400000+00:00,simulation_nominale,26.833,46.432,905.36,0,fonctionnement_normal_simule
2026-01-01T00:07:08.600000+00:00,simulation_nominale,26.893,46.581,902.833,0,fonctionnement_normal_simule
2026-01-01T00:07:08.800000+00:00,simulation_nominale,26.853,46.388,903.753,0,fonctionnement_normal_simule
2026-01-01T00:07:09+00:00,simulation_nominale,26.801,46.58,901.351,0,fonctionnement_normal_simule
2026-01-01T00:07:09.200000+00:00,simulation_nominale,26.828,46.446,900.775,0,fonctionnement_normal_simule
2026-01-01T00:07:09.400000+00:00,simulation_nominale,26.818,46.443,899.976,0,fonctionnement_normal_simule
2026-01-01T00:07:09.600000+00:00,simulation_nominale,26.801,46.34,903.158,0,fonctionnement_normal_simule
2026-01-01T00:07:09.800000+00:00,simulation_nominale,26.715,46.408,906.021,0,fonctionnement_normal_simule
2026-01-01T00:07:10+00:00,simulation_nominale,26.777,46.351,903.322,0,fonctionnement_normal_simule
2026-01-01T00:07:10.200000+00:00,simulation_nominale,26.745,46.578,904.624,0,fonctionnement_normal_simule
2026-01-01T00:07:10.400000+00:00,simulation_nominale,26.685,46.364,904.959,0,fonctionnement_normal_simule
2026-01-01T00:07:10.600000+00:00,simulation_nominale,26.755,46.417,902.308,0,fonctionnement_normal_simule
2026-01-01T00:07:10.800000+00:00,simulation_nominale,26.735,46.486,898.228,0,fonctionnement_normal_simule
2026-01-01T00:07:11+00:00,simulation_nominale,26.695,46.527,900.448,0,fonctionnement_normal_simule
2026-01-01T00:07:11.200000+00:00,simulation_nominale,26.731,46.359,903.808,0,fonctionnement_normal_simule
2026-01-01T00:07:11.400000+00:00,simulation_nominale,26.653,46.327,903.712,0,fonctionnement_normal_simule
2026-01-01T00:07:11.600000+00:00,simulation_nominale,26.673,46.575,904.861,0,fonctionnement_normal_simule
2026-01-01T00:07:11.800000+00:00,simulation_nominale,26.605,46.477,905.086,0,fonctionnement_normal_simule
2026-01-01T00:07:12+00:00,simulation_nominale,26.692,46.597,906.956,0,fonctionnement_normal_simule
2026-01-01T00:07:12.200000+00:00,simulation_nominale,26.621,46.477,907.779,0,fonctionnement_normal_simule
2026-01-01T00:07:12.400000+00:00,simulation_nominale,26.69,46.39,899.852,0,fonctionnement_normal_simule
2026-01-01T00:07:12.600000+00:00,simulation_nominale,26.567,46.493,902.612,0,fonctionnement_normal_simule
2026-01-01T00:07:12.800000+00:00,simulation_nominale,26.612,46.391,901.031,0,fonctionnement_normal_simule
2026-01-01T00:07:13+00:00,simulation_nominale,26.634,46.432,903.539,0,fonctionnement_normal_simule
2026-01-01T00:07:13.200000+00:00,simulation_nominale,26.534,46.575,904.959,0,fonctionnement_normal_simule
2026-01-01T00:07:13.400000+00:00,simulation_nominale,26.633,46.264,904.306,0,fonctionnement_normal_simule
2026-01-01T00:07:13.600000+00:00,simulation_nominale,26.522,46.46,904.775,0,fonctionnement_normal_simule
2026-01-01T00:07:13.800000+00:00,simulation_nominale,26.612,46.481,906.078,0,fonctionnement_normal_simule
2026-01-01T00:07:14+00:00,simulation_nominale,26.566,46.355,901.241,0,fonctionnement_normal_simule
2026-01-01T00:07:14.200000+00:00,simulation_nominale,26.55,46.483,900.094,0,fonctionnement_normal_simule
2026-01-01T00:07:14.400000+00:00,simulation_nominale,26.572,46.411,901.223,0,fonctionnement_normal_simule
2026-01-01T00:07:14.600000+00:00,simulation_nominale,26.491,46.372,902.676,0,fonctionnement_normal_simule
2026-01-01T00:07:14.800000+00:00,simulation_nominale,26.511,46.466,898.765,0,fonctionnement_normal_simule
2026-01-01T00:07:15+00:00,simulation_nominale,26.449,46.319,904.129,0,fonctionnement_normal_simule
2026-01-01T00:07:15.200000+00:00,simulation_nominale,26.492,46.402,903.016,0,fonctionnement_normal_simule
2026-01-01T00:07:15.400000+00:00,simulation_nominale,26.513,46.352,898.9,0,fonctionnement_normal_simule
2026-01-01T00:07:15.600000+00:00,simulation_nominale,26.462,46.269,901.542,0,fonctionnement_normal_simule
2026-01-01T00:07:15.800000+00:00,simulation_nominale,26.435,46.411,901.991,0,fonctionnement_normal_simule
2026-01-01T00:07:16+00:00,simulation_nominale,26.441,46.435,907.194,0,fonctionnement_normal_simule
2026-01-01T00:07:16.200000+00:00,simulation_nominale,26.371,46.574,899.496,0,fonctionnement_normal_simule
2026-01-01T00:07:16.400000+00:00,simulation_nominale,26.38,46.299,902.83,0,fonctionnement_normal_simule
2026-01-01T00:07:16.600000+00:00,simulation_nominale,26.432,46.322,900.124,0,fonctionnement_normal_simule
2026-01-01T00:07:16.800000+00:00,simulation_nominale,26.383,46.415,903.714,0,fonctionnement_normal_simule
2026-01-01T00:07:17+00:00,simulation_nominale,26.392,46.309,900.373,0,fonctionnement_normal_simule
2026-01-01T00:07:17.200000+00:00,simulation_nominale,26.299,46.355,901.812,0,fonctionnement_normal_simule
2026-01-01T00:07:17.400000+00:00,simulation_nominale,26.366,46.315,903.209,0,fonctionnement_normal_simule
2026-01-01T00:07:17.600000+00:00,simulation_nominale,26.382,46.382,901.894,0,fonctionnement_normal_simule
2026-01-01T00:07:17.800000+00:00,simulation_nominale,26.365,46.452,898.069,0,fonctionnement_normal_simule
2026-01-01T00:07:18+00:00,simulation_nominale,26.347,46.16,899.887,0,fonctionnement_normal_simule
2026-01-01T00:07:18.200000+00:00,simulation_nominale,26.417,46.235,898.442,0,fonctionnement_normal_simule
2026-01-01T00:07:18.400000+00:00,simulation_nominale,26.323,46.402,901.929,0,fonctionnement_normal_simule
2026-01-01T00:07:18.600000+00:00,simulation_nominale,26.294,46.464,900.373,0,fonctionnement_normal_simule
2026-01-01T00:07:18.800000+00:00,simulation_nominale,26.35,46.451,898.443,0,fonctionnement_normal_simule
2026-01-01T00:07:19+00:00,simulation_nominale,26.234,46.362,900.701,0,fonctionnement_normal_simule
2026-01-01T00:07:19.200000+00:00,simulation_nominale,26.284,46.336,900.048,0,fonctionnement_normal_simule
2026-01-01T00:07:19.400000+00:00,simulation_nominale,26.334,46.069,902.711,0,fonctionnement_normal_simule
2026-01-01T00:07:19.600000+00:00,simulation_nominale,26.271,46.294,898.139,0,fonctionnement_normal_simule
2026-01-01T00:07:19.800000+00:00,simulation_nominale,26.299,46.207,900.226,0,fonctionnement_normal_simule
2026-01-01T00:07:20+00:00,simulation_nominale,26.284,46.162,900.561,0,fonctionnement_normal_simule
2026-01-01T00:07:20.200000+00:00,simulation_nominale,26.24,46.324,898.919,0,fonctionnement_normal_simule
2026-01-01T00:07:20.400000+00:00,simulation_nominale,26.24,46.367,899.168,0,fonctionnement_normal_simule
2026-01-01T00:07:20.600000+00:00,simulation_nominale,26.289,46.188,898.332,0,fonctionnement_normal_simule
2026-01-01T00:07:20.800000+00:00,simulation_nominale,26.242,46.257,897.736,0,fonctionnement_normal_simule
2026-01-01T00:07:21+00:00,simulation_nominale,26.165,46.39,901.117,0,fonctionnement_normal_simule
2026-01-01T00:07:21.200000+00:00,simulation_nominale,26.135,46.113,902.434,0,fonctionnement_normal_simule
2026-01-01T00:07:21.400000+00:00,simulation_nominale,26.171,46.224,897.555,0,fonctionnement_normal_simule
2026-01-01T00:07:21.600000+00:00,simulation_nominale,26.067,46.147,899.891,0,fonctionnement_normal_simule
2026-01-01T00:07:21.800000+00:00,simulation_nominale,26.119,46.378,901.048,0,fonctionnement_normal_simule
2026-01-01T00:07:22+00:00,simulation_nominale,26.104,46.167,901.711,0,fonctionnement_normal_simule
2026-01-01T00:07:22.200000+00:00,simulation_nominale,26.102,46.447,899.244,0,fonctionnement_normal_simule
2026-01-01T00:07:22.400000+00:00,simulation_nominale,26.051,46.067,897.501,0,fonctionnement_normal_simule
2026-01-01T00:07:22.600000+00:00,simulation_nominale,26.153,46.204,893.892,0,fonctionnement_normal_simule
2026-01-01T00:07:22.800000+00:00,simulation_nominale,26.059,46.195,901.553,0,fonctionnement_normal_simule
2026-01-01T00:07:23+00:00,simulation_nominale,26.09,46.2,899.34,0,fonctionnement_normal_simule
2026-01-01T00:07:23.200000+00:00,simulation_nominale,26.151,46.291,897.173,0,fonctionnement_normal_simule
2026-01-01T00:07:23.400000+00:00,simulation_nominale,26.078,46.291,903.236,0,fonctionnement_normal_simule
2026-01-01T00:07:23.600000+00:00,simulation_nominale,26.051,46.169,899.213,0,fonctionnement_normal_simule
2026-01-01T00:07:23.800000+00:00,simulation_nominale,26.01,46.201,896.81,0,fonctionnement_normal_simule
2026-01-01T00:07:24+00:00,simulation_nominale,26.019,46.066,900.029,0,fonctionnement_normal_simule
2026-01-01T00:07:24.200000+00:00,simulation_nominale,26.039,46.044,899.757,0,fonctionnement_normal_simule
2026-01-01T00:07:24.400000+00:00,simulation_nominale,25.974,46.283,900.194,0,fonctionnement_normal_simule
2026-01-01T00:07:24.600000+00:00,simulation_nominale,26.029,46.211,896.021,0,fonctionnement_normal_simule
2026-01-01T00:07:24.800000+00:00,simulation_nominale,25.891,46.168,895.484,0,fonctionnement_normal_simule
2026-01-01T00:07:25+00:00,simulation_nominale,25.971,46.032,899.515,0,fonctionnement_normal_simule
2026-01-01T00:07:25.200000+00:00,simulation_nominale,25.973,46.042,895.946,0,fonctionnement_normal_simule
2026-01-01T00:07:25.400000+00:00,simulation_nominale,25.959,46.209,898.258,0,fonctionnement_normal_simule
2026-01-01T00:07:25.600000+00:00,simulation_nominale,25.903,46.144,897.268,0,fonctionnement_normal_simule
2026-01-01T00:07:25.800000+00:00,simulation_nominale,25.899,46.012,897.727,0,fonctionnement_normal_simule
2026-01-01T00:07:26+00:00,simulation_nominale,25.877,46.108,893.541,0,fonctionnement_normal_simule
2026-01-01T00:07:26.200000+00:00,simulation_nominale,25.933,46.067,897.651,0,fonctionnement_normal_simule
2026-01-01T00:07:26.400000+00:00,simulation_nominale,25.948,46.229,898.74,0,fonctionnement_normal_simule
2026-01-01T00:07:26.600000+00:00,simulation_nominale,25.837,46.091,897.941,0,fonctionnement_normal_simule
2026-01-01T00:07:26.800000+00:00,simulation_nominale,25.878,46.102,898.906,0,fonctionnement_normal_simule
2026-01-01T00:07:27+00:00,simulation_nominale,25.883,46.182,898.836,0,fonctionnement_normal_simule
2026-01-01T00:07:27.200000+00:00,simulation_nominale,25.818,46.052,897.09,0,fonctionnement_normal_simule
2026-01-01T00:07:27.400000+00:00,simulation_nominale,25.852,46.031,897.02,0,fonctionnement_normal_simule
2026-01-01T00:07:27.600000+00:00,simulation_nominale,25.812,46.021,897.793,0,fonctionnement_normal_simule
2026-01-01T00:07:27.800000+00:00,simulation_nominale,25.851,46.198,898.938,0,fonctionnement_normal_simule
2026-01-01T00:07:28+00:00,simulation_nominale,25.789,46.151,893.959,0,fonctionnement_normal_simule
2026-01-01T00:07:28.200000+00:00,simulation_nominale,25.811,45.997,895.645,0,fonctionnement_normal_simule
2026-01-01T00:07:28.400000+00:00,simulation_nominale,25.863,46.001,897.165,0,fonctionnement_normal_simule
2026-01-01T00:07:28.600000+00:00,simulation_nominale,25.797,46.025,893.879,0,fonctionnement_normal_simule
2026-01-01T00:07:28.800000+00:00,simulation_nominale,25.777,45.993,896.317,0,fonctionnement_normal_simule
2026-01-01T00:07:29+00:00,simulation_nominale,25.753,46.049,897.278,0,fonctionnement_normal_simule
2026-01-01T00:07:29.200000+00:00,simulation_nominale,25.683,46.023,899.913,0,fonctionnement_normal_simule
2026-01-01T00:07:29.400000+00:00,simulation_nominale,25.657,45.924,894.934,0,fonctionnement_normal_simule
2026-01-01T00:07:29.600000+00:00,simulation_nominale,25.644,45.844,894.324,0,fonctionnement_normal_simule
2026-01-01T00:07:29.800000+00:00,simulation_nominale,25.759,45.954,894.307,0,fonctionnement_normal_simule
2026-01-01T00:07:30+00:00,simulation_nominale,25.697,46.015,897.073,0,fonctionnement_normal_simule
2026-01-01T00:07:30.200000+00:00,simulation_nominale,25.695,46.179,896.562,0,fonctionnement_normal_simule
2026-01-01T00:07:30.400000+00:00,simulation_nominale,25.701,45.918,894.241,0,fonctionnement_normal_simule
2026-01-01T00:07:30.600000+00:00,simulation_nominale,25.628,45.849,896.996,0,fonctionnement_normal_simule
2026-01-01T00:07:30.800000+00:00,simulation_nominale,25.671,45.894,895.124,0,fonctionnement_normal_simule
2026-01-01T00:07:31+00:00,simulation_nominale,25.697,45.92,895.827,0,fonctionnement_normal_simule
2026-01-01T00:07:31.200000+00:00,simulation_nominale,25.657,45.969,894.178,0,fonctionnement_normal_simule
2026-01-01T00:07:31.400000+00:00,simulation_nominale,25.537,45.765,896.33,0,fonctionnement_normal_simule
2026-01-01T00:07:31.600000+00:00,simulation_nominale,25.603,45.886,892.122,0,fonctionnement_normal_simule
2026-01-01T00:07:31.800000+00:00,simulation_nominale,25.585,45.915,895.57,0,fonctionnement_normal_simule
2026-01-01T00:07:32+00:00,simulation_nominale,25.565,45.805,899.279,0,fonctionnement_normal_simule
2026-01-01T00:07:32.200000+00:00,simulation_nominale,25.589,45.881,892.676,0,fonctionnement_normal_simule
2026-01-01T00:07:32.400000+00:00,simulation_nominale,25.558,45.859,892.994,0,fonctionnement_normal_simule
2026-01-01T00:07:32.600000+00:00,simulation_nominale,25.584,45.781,893.741,0,fonctionnement_normal_simule
2026-01-01T00:07:32.800000+00:00,simulation_nominale,25.539,45.732,892.009,0,fonctionnement_normal_simule
2026-01-01T00:07:33+00:00,simulation_nominale,25.567,45.774,894.732,0,fonctionnement_normal_simule
2026-01-01T00:07:33.200000+00:00,simulation_nominale,25.548,45.875,896.664,0,fonctionnement_normal_simule
2026-01-01T00:07:33.400000+00:00,simulation_nominale,25.519,45.748,895.366,0,fonctionnement_normal_simule
2026-01-01T00:07:33.600000+00:00,simulation_nominale,25.57,45.804,894.782,0,fonctionnement_normal_simule
2026-01-01T00:07:33.800000+00:00,simulation_nominale,25.519,45.811,896.123,0,fonctionnement_normal_simule
2026-01-01T00:07:34+00:00,simulation_nominale,25.502,45.864,895.621,0,fonctionnement_normal_simule
2026-01-01T00:07:34.200000+00:00,simulation_nominale,25.596,45.749,897.032,0,fonctionnement_normal_simule
2026-01-01T00:07:34.400000+00:00,simulation_nominale,25.533,45.701,895.804,0,fonctionnement_normal_simule
2026-01-01T00:07:34.600000+00:00,simulation_nominale,25.517,45.741,889.69,0,fonctionnement_normal_simule
2026-01-01T00:07:34.800000+00:00,simulation_nominale,25.514,45.678,894.209,0,fonctionnement_normal_simule
2026-01-01T00:07:35+00:00,simulation_nominale,25.405,45.82,890.824,0,fonctionnement_normal_simule
2026-01-01T00:07:35.200000+00:00,simulation_nominale,25.445,45.719,894.424,0,fonctionnement_normal_simule
2026-01-01T00:07:35.400000+00:00,simulation_nominale,25.401,45.792,895.348,0,fonctionnement_normal_simule
2026-01-01T00:07:35.600000+00:00,simulation_nominale,25.437,45.724,888.818,0,fonctionnement_normal_simule
2026-01-01T00:07:35.800000+00:00,simulation_nominale,25.508,45.72,895.562,0,fonctionnement_normal_simule
2026-01-01T00:07:36+00:00,simulation_nominale,25.443,45.734,895.59,0,fonctionnement_normal_simule
2026-01-01T00:07:36.200000+00:00,simulation_nominale,25.403,45.802,897.308,0,fonctionnement_normal_simule
2026-01-01T00:07:36.400000+00:00,simulation_nominale,25.428,45.7,896.058,0,fonctionnement_normal_simule
2026-01-01T00:07:36.600000+00:00,simulation_nominale,25.429,45.673,893.366,0,fonctionnement_normal_simule
2026-01-01T00:07:36.800000+00:00,simulation_nominale,25.41,45.755,892.989,0,fonctionnement_normal_simule
2026-01-01T00:07:37+00:00,simulation_nominale,25.429,45.843,895.129,0,fonctionnement_normal_simule
2026-01-01T00:07:37.200000+00:00,simulation_nominale,25.388,45.722,893.007,0,fonctionnement_normal_simule
2026-01-01T00:07:37.400000+00:00,simulation_nominale,25.338,45.607,891.101,0,fonctionnement_normal_simule
2026-01-01T00:07:37.600000+00:00,simulation_nominale,25.414,45.621,890.088,0,fonctionnement_normal_simule
2026-01-01T00:07:37.800000+00:00,simulation_nominale,25.389,45.679,894.347,0,fonctionnement_normal_simule
2026-01-01T00:07:38+00:00,simulation_nominale,25.308,45.551,897.214,0,fonctionnement_normal_simule
2026-01-01T00:07:38.200000+00:00,simulation_nominale,25.33,45.668,893.887,0,fonctionnement_normal_simule
2026-01-01T00:07:38.400000+00:00,simulation_nominale,25.292,45.505,894.583,0,fonctionnement_normal_simule
2026-01-01T00:07:38.600000+00:00,simulation_nominale,25.328,45.591,895.629,0,fonctionnement_normal_simule
2026-01-01T00:07:38.800000+00:00,simulation_nominale,25.269,45.599,895.841,0,fonctionnement_normal_simule
2026-01-01T00:07:39+00:00,simulation_nominale,25.361,45.573,894.39,0,fonctionnement_normal_simule
2026-01-01T00:07:39.200000+00:00,simulation_nominale,25.346,45.516,890.451,0,fonctionnement_normal_simule
2026-01-01T00:07:39.400000+00:00,simulation_nominale,25.349,45.581,897.0,0,fonctionnement_normal_simule
2026-01-01T00:07:39.600000+00:00,simulation_nominale,25.282,45.647,894.977,0,fonctionnement_normal_simule
2026-01-01T00:07:39.800000+00:00,simulation_nominale,25.322,45.56,891.382,0,fonctionnement_normal_simule
2026-01-01T00:07:40+00:00,simulation_nominale,25.284,45.509,893.276,0,fonctionnement_normal_simule
2026-01-01T00:07:40.200000+00:00,simulation_nominale,25.248,45.559,896.752,0,fonctionnement_normal_simule
2026-01-01T00:07:40.400000+00:00,simulation_nominale,25.248,45.573,889.365,0,fonctionnement_normal_simule
2026-01-01T00:07:40.600000+00:00,simulation_nominale,25.298,45.542,891.284,0,fonctionnement_normal_simule
2026-01-01T00:07:40.800000+00:00,simulation_nominale,25.294,45.52,896.682,0,fonctionnement_normal_simule
2026-01-01T00:07:41+00:00,simulation_nominale,25.271,45.534,892.734,0,fonctionnement_normal_simule
2026-01-01T00:07:41.200000+00:00,simulation_nominale,25.216,45.701,893.352,0,fonctionnement_normal_simule
2026-01-01T00:07:41.400000+00:00,simulation_nominale,25.267,45.49,890.015,0,fonctionnement_normal_simule
2026-01-01T00:07:41.600000+00:00,simulation_nominale,25.195,45.34,895.553,0,fonctionnement_normal_simule
2026-01-01T00:07:41.800000+00:00,simulation_nominale,25.264,45.437,890.013,0,fonctionnement_normal_simule
2026-01-01T00:07:42+00:00,simulation_nominale,25.206,45.446,890.371,0,fonctionnement_normal_simule
2026-01-01T00:07:42.200000+00:00,simulation_nominale,25.269,45.381,892.24,0,fonctionnement_normal_simule
2026-01-01T00:07:42.400000+00:00,simulation_nominale,25.225,45.261,894.387,0,fonctionnement_normal_simule
2026-01-01T00:07:42.600000+00:00,simulation_nominale,25.225,45.249,891.953,0,fonctionnement_normal_simule
2026-01-01T00:07:42.800000+00:00,simulation_nominale,25.205,45.334,893.399,0,fonctionnement_normal_simule
2026-01-01T00:07:43+00:00,simulation_nominale,25.262,45.435,889.847,0,fonctionnement_normal_simule
2026-01-01T00:07:43.200000+00:00,simulation_nominale,25.182,45.239,893.039,0,fonctionnement_normal_simule
2026-01-01T00:07:43.400000+00:00,simulation_nominale,25.165,45.41,894.209,0,fonctionnement_normal_simule
2026-01-01T00:07:43.600000+00:00,simulation_nominale,25.235,45.394,892.065,0,fonctionnement_normal_simule
2026-01-01T00:07:43.800000+00:00,simulation_nominale,25.131,45.543,896.965,0,fonctionnement_normal_simule
2026-01-01T00:07:44+00:00,simulation_nominale,25.188,45.393,890.218,0,fonctionnement_normal_simule
2026-01-01T00:07:44.200000+00:00,simulation_nominale,25.172,45.351,891.31,0,fonctionnement_normal_simule
2026-01-01T00:07:44.400000+00:00,simulation_nominale,25.254,45.364,891.221,0,fonctionnement_normal_simule
2026-01-01T00:07:44.600000+00:00,simulation_nominale,25.163,45.349,889.253,0,fonctionnement_normal_simule
2026-01-01T00:07:44.800000+00:00,simulation_nominale,25.195,45.316,894.208,0,fonctionnement_normal_simule
2026-01-01T00:07:45+00:00,simulation_nominale,25.186,45.257,891.046,0,fonctionnement_normal_simule
2026-01-01T00:07:45.200000+00:00,simulation_nominale,25.223,45.334,893.553,0,fonctionnement_normal_simule
2026-01-01T00:07:45.400000+00:00,simulation_nominale,25.188,45.283,890.149,0,fonctionnement_normal_simule
2026-01-01T00:07:45.600000+00:00,simulation_nominale,25.233,45.265,894.892,0,fonctionnement_normal_simule
2026-01-01T00:07:45.800000+00:00,simulation_nominale,25.154,45.359,890.562,0,fonctionnement_normal_simule
2026-01-01T00:07:46+00:00,simulation_nominale,25.102,45.238,891.308,0,fonctionnement_normal_simule
2026-01-01T00:07:46.200000+00:00,simulation_nominale,25.177,45.278,889.16,0,fonctionnement_normal_simule
2026-01-01T00:07:46.400000+00:00,simulation_nominale,25.118,45.129,890.736,0,fonctionnement_normal_simule
2026-01-01T00:07:46.600000+00:00,simulation_nominale,25.141,45.181,894.547,0,fonctionnement_normal_simule
2026-01-01T00:07:46.800000+00:00,simulation_nominale,25.159,45.153,894.771,0,fonctionnement_normal_simule
2026-01-01T00:07:47+00:00,simulation_nominale,25.176,45.227,891.45,0,fonctionnement_normal_simule
2026-01-01T00:07:47.200000+00:00,simulation_nominale,25.214,45.265,890.013,0,fonctionnement_normal_simule
2026-01-01T00:07:47.400000+00:00,simulation_nominale,25.14,45.125,893.936,0,fonctionnement_normal_simule
2026-01-01T00:07:47.600000+00:00,simulation_nominale,25.09,45.131,890.897,0,fonctionnement_normal_simule
2026-01-01T00:07:47.800000+00:00,simulation_nominale,25.148,45.088,892.133,0,fonctionnement_normal_simule
2026-01-01T00:07:48+00:00,simulation_nominale,25.041,45.23,886.733,0,fonctionnement_normal_simule
2026-01-01T00:07:48.200000+00:00,simulation_nominale,25.132,45.172,891.093,0,fonctionnement_normal_simule
2026-01-01T00:07:48.400000+00:00,simulation_nominale,25.166,45.232,894.227,0,fonctionnement_normal_simule
2026-01-01T00:07:48.600000+00:00,simulation_nominale,25.166,45.158,891.31,0,fonctionnement_normal_simule
2026-01-01T00:07:48.800000+00:00,simulation_nominale,25.129,45.21,891.954,0,fonctionnement_normal_simule
2026-01-01T00:07:49+00:00,simulation_nominale,25.021,44.978,895.655,0,fonctionnement_normal_simule
2026-01-01T00:07:49.200000+00:00,simulation_nominale,25.082,45.053,893.931,0,fonctionnement_normal_simule
2026-01-01T00:07:49.400000+00:00,simulation_nominale,25.149,45.137,892.323,0,fonctionnement_normal_simule
2026-01-01T00:07:49.600000+00:00,simulation_nominale,25.027,45.259,891.269,0,fonctionnement_normal_simule
2026-01-01T00:07:49.800000+00:00,simulation_nominale,25.154,45.083,890.95,0,fonctionnement_normal_simule
2026-01-01T00:07:50+00:00,simulation_nominale,25.099,45.048,895.317,0,fonctionnement_normal_simule
2026-01-01T00:07:50.200000+00:00,simulation_nominale,25.056,45.084,895.623,0,fonctionnement_normal_simule
2026-01-01T00:07:50.400000+00:00,simulation_nominale,25.087,45.045,889.658,0,fonctionnement_normal_simule
2026-01-01T00:07:50.600000+00:00,simulation_nominale,25.172,44.941,893.296,0,fonctionnement_normal_simule
2026-01-01T00:07:50.800000+00:00,simulation_nominale,25.026,44.953,892.446,0,fonctionnement_normal_simule
2026-01-01T00:07:51+00:00,simulation_nominale,25.06,44.992,889.32,0,fonctionnement_normal_simule
2026-01-01T00:07:51.200000+00:00,simulation_nominale,25.107,44.907,889.879,0,fonctionnement_normal_simule
2026-01-01T00:07:51.400000+00:00,simulation_nominale,25.114,44.84,893.262,0,fonctionnement_normal_simule
2026-01-01T00:07:51.600000+00:00,simulation_nominale,25.07,45.11,890.951,0,fonctionnement_normal_simule
2026-01-01T00:07:51.800000+00:00,simulation_nominale,25.067,44.981,893.998,0,fonctionnement_normal_simule
2026-01-01T00:07:52+00:00,simulation_nominale,25.004,44.911,894.521,0,fonctionnement_normal_simule
2026-01-01T00:07:52.200000+00:00,simulation_nominale,25.06,44.854,888.827,0,fonctionnement_normal_simule
2026-01-01T00:07:52.400000+00:00,simulation_nominale,25.087,44.841,892.91,0,fonctionnement_normal_simule
2026-01-01T00:07:52.600000+00:00,simulation_nominale,25.041,44.894,891.634,0,fonctionnement_normal_simule
2026-01-01T00:07:52.800000+00:00,simulation_nominale,25.077,44.903,890.098,0,fonctionnement_normal_simule
2026-01-01T00:07:53+00:00,simulation_nominale,25.066,45.01,892.879,0,fonctionnement_normal_simule
2026-01-01T00:07:53.200000+00:00,simulation_nominale,25.119,44.986,892.846,0,fonctionnement_normal_simule
2026-01-01T00:07:53.400000+00:00,simulation_nominale,25.09,44.938,891.555,0,fonctionnement_normal_simule
2026-01-01T00:07:53.600000+00:00,simulation_nominale,25.172,44.899,892.148,0,fonctionnement_normal_simule
2026-01-01T00:07:53.800000+00:00,simulation_nominale,25.166,44.938,890.659,0,fonctionnement_normal_simule
2026-01-01T00:07:54+00:00,simulation_nominale,25.123,44.76,891.581,0,fonctionnement_normal_simule
2026-01-01T00:07:54.200000+00:00,simulation_nominale,25.112,44.863,891.757,0,fonctionnement_normal_simule
2026-01-01T00:07:54.400000+00:00,simulation_nominale,25.067,44.874,893.211,0,fonctionnement_normal_simule
2026-01-01T00:07:54.600000+00:00,simulation_nominale,25.079,44.831,893.099,0,fonctionnement_normal_simule
2026-01-01T00:07:54.800000+00:00,simulation_nominale,25.127,44.851,893.076,0,fonctionnement_normal_simule
2026-01-01T00:07:55+00:00,simulation_nominale,25.133,44.87,893.055,0,fonctionnement_normal_simule
2026-01-01T00:07:55.200000+00:00,simulation_nominale,25.089,44.829,890.822,0,fonctionnement_normal_simule
2026-01-01T00:07:55.400000+00:00,simulation_nominale,25.088,44.82,892.291,0,fonctionnement_normal_simule
2026-01-01T00:07:55.600000+00:00,simulation_nominale,25.085,44.828,890.678,0,fonctionnement_normal_simule
2026-01-01T00:07:55.800000+00:00,simulation_nominale,25.132,44.666,894.851,0,fonctionnement_normal_simule
2026-01-01T00:07:56+00:00,simulation_nominale,25.135,44.8,892.261,0,fonctionnement_normal_simule
2026-01-01T00:07:56.200000+00:00,simulation_nominale,25.064,44.62,892.392,0,fonctionnement_normal_simule
2026-01-01T00:07:56.400000+00:00,simulation_nominale,25.104,44.769,894.341,0,fonctionnement_normal_simule
2026-01-01T00:07:56.600000+00:00,simulation_nominale,25.137,44.657,893.554,0,fonctionnement_normal_simule
2026-01-01T00:07:56.800000+00:00,simulation_nominale,25.098,44.756,893.503,0,fonctionnement_normal_simule
2026-01-01T00:07:57+00:00,simulation_nominale,25.104,44.831,891.647,0,fonctionnement_normal_simule
2026-01-01T00:07:57.200000+00:00,simulation_nominale,25.128,44.806,892.727,0,fonctionnement_normal_simule
2026-01-01T00:07:57.400000+00:00,simulation_nominale,25.096,44.666,892.84,0,fonctionnement_normal_simule
2026-01-01T00:07:57.600000+00:00,simulation_nominale,25.114,44.644,894.296,0,fonctionnement_normal_simule
2026-01-01T00:07:57.800000+00:00,simulation_nominale,25.126,44.814,892.105,0,fonctionnement_normal_simule
2026-01-01T00:07:58+00:00,simulation_nominale,25.095,44.645,894.315,0,fonctionnement_normal_simule
2026-01-01T00:07:58.200000+00:00,simulation_nominale,25.116,44.744,892.494,0,fonctionnement_normal_simule
2026-01-01T00:07:58.400000+00:00,simulation_nominale,25.157,44.587,892.572,0,fonctionnement_normal_simule
2026-01-01T00:07:58.600000+00:00,simulation_nominale,25.144,44.72,891.605,0,fonctionnement_normal_simule
2026-01-01T00:07:58.800000+00:00,simulation_nominale,25.084,44.538,891.207,0,fonctionnement_normal_simule
2026-01-01T00:07:59+00:00,simulation_nominale,25.175,44.545,890.636,0,fonctionnement_normal_simule
2026-01-01T00:07:59.200000+00:00,simulation_nominale,25.141,44.605,892.451,0,fonctionnement_normal_simule
2026-01-01T00:07:59.400000+00:00,simulation_nominale,25.104,44.572,894.562,0,fonctionnement_normal_simule
2026-01-01T00:07:59.600000+00:00,simulation_nominale,25.175,44.618,891.171,0,fonctionnement_normal_simule
2026-01-01T00:07:59.800000+00:00,simulation_nominale,25.151,44.478,893.86,0,fonctionnement_normal_simule
2026-01-01T00:08:00+00:00,simulation_nominale,25.199,44.55,891.997,0,fonctionnement_normal_simule
2026-01-01T00:08:00.200000+00:00,simulation_nominale,25.135,44.549,896.124,0,fonctionnement_normal_simule
2026-01-01T00:08:00.400000+00:00,simulation_nominale,25.144,44.567,894.643,0,fonctionnement_normal_simule
2026-01-01T00:08:00.600000+00:00,simulation_nominale,25.172,44.435,893.537,0,fonctionnement_normal_simule
2026-01-01T00:08:00.800000+00:00,simulation_nominale,25.24,44.542,892.819,0,fonctionnement_normal_simule
2026-01-01T00:08:01+00:00,simulation_nominale,25.181,44.35,893.567,0,fonctionnement_normal_simule
2026-01-01T00:08:01.200000+00:00,simulation_nominale,25.168,44.438,895.439,0,fonctionnement_normal_simule
2026-01-01T00:08:01.400000+00:00,simulation_nominale,25.153,44.509,890.532,0,fonctionnement_normal_simule
2026-01-01T00:08:01.600000+00:00,simulation_nominale,25.208,44.38,893.493,0,fonctionnement_normal_simule
2026-01-01T00:08:01.800000+00:00,simulation_nominale,25.203,44.542,890.493,0,fonctionnement_normal_simule
2026-01-01T00:08:02+00:00,simulation_nominale,25.185,44.407,894.571,0,fonctionnement_normal_simule
2026-01-01T00:08:02.200000+00:00,simulation_nominale,25.138,44.433,894.144,0,fonctionnement_normal_simule
2026-01-01T00:08:02.400000+00:00,simulation_nominale,25.218,44.332,895.44,0,fonctionnement_normal_simule
2026-01-01T00:08:02.600000+00:00,simulation_nominale,25.218,44.525,892.411,0,fonctionnement_normal_simule
2026-01-01T00:08:02.800000+00:00,simulation_nominale,25.221,44.452,892.423,0,fonctionnement_normal_simule
2026-01-01T00:08:03+00:00,simulation_nominale,25.313,44.405,894.02,0,fonctionnement_normal_simule
2026-01-01T00:08:03.200000+00:00,simulation_nominale,25.203,44.373,893.095,0,fonctionnement_normal_simule
2026-01-01T00:08:03.400000+00:00,simulation_nominale,25.205,44.333,893.508,0,fonctionnement_normal_simule
2026-01-01T00:08:03.600000+00:00,simulation_nominale,25.221,44.569,893.114,0,fonctionnement_normal_simule
2026-01-01T00:08:03.800000+00:00,simulation_nominale,25.216,44.439,897.026,0,fonctionnement_normal_simule
2026-01-01T00:08:04+00:00,simulation_nominale,25.183,44.479,891.456,0,fonctionnement_normal_simule
2026-01-01T00:08:04.200000+00:00,simulation_nominale,25.233,44.261,892.683,0,fonctionnement_normal_simule
2026-01-01T00:08:04.400000+00:00,simulation_nominale,25.202,44.314,892.996,0,fonctionnement_normal_simule
2026-01-01T00:08:04.600000+00:00,simulation_nominale,25.256,44.374,894.249,0,fonctionnement_normal_simule
2026-01-01T00:08:04.800000+00:00,simulation_nominale,25.264,44.449,894.106,0,fonctionnement_normal_simule
2026-01-01T00:08:05+00:00,simulation_nominale,25.32,44.346,892.541,0,fonctionnement_normal_simule
2026-01-01T00:08:05.200000+00:00,simulation_nominale,25.223,44.103,893.006,0,fonctionnement_normal_simule
2026-01-01T00:08:05.400000+00:00,simulation_nominale,25.236,44.316,896.486,0,fonctionnement_normal_simule
2026-01-01T00:08:05.600000+00:00,simulation_nominale,25.198,44.363,890.946,0,fonctionnement_normal_simule
2026-01-01T00:08:05.800000+00:00,simulation_nominale,25.219,44.479,895.541,0,fonctionnement_normal_simule
2026-01-01T00:08:06+00:00,simulation_nominale,25.18,44.399,893.627,0,fonctionnement_normal_simule
2026-01-01T00:08:06.200000+00:00,simulation_nominale,25.364,44.208,894.531,0,fonctionnement_normal_simule
2026-01-01T00:08:06.400000+00:00,simulation_nominale,25.314,44.108,894.448,0,fonctionnement_normal_simule
2026-01-01T00:08:06.600000+00:00,simulation_nominale,25.347,44.189,895.297,0,fonctionnement_normal_simule
2026-01-01T00:08:06.800000+00:00,simulation_nominale,25.347,44.258,896.57,0,fonctionnement_normal_simule
2026-01-01T00:08:07+00:00,simulation_nominale,25.352,44.377,894.877,0,fonctionnement_normal_simule
2026-01-01T00:08:07.200000+00:00,simulation_nominale,25.374,44.228,895.769,0,fonctionnement_normal_simule
2026-01-01T00:08:07.400000+00:00,simulation_nominale,25.352,44.266,895.955,0,fonctionnement_normal_simule
2026-01-01T00:08:07.600000+00:00,simulation_nominale,25.332,44.196,890.926,0,fonctionnement_normal_simule
2026-01-01T00:08:07.800000+00:00,simulation_nominale,25.359,44.12,893.048,0,fonctionnement_normal_simule
2026-01-01T00:08:08+00:00,simulation_nominale,25.341,44.257,895.799,0,fonctionnement_normal_simule
2026-01-01T00:08:08.200000+00:00,simulation_nominale,25.381,44.182,895.272,0,fonctionnement_normal_simule
2026-01-01T00:08:08.400000+00:00,simulation_nominale,25.333,44.311,898.012,0,fonctionnement_normal_simule
2026-01-01T00:08:08.600000+00:00,simulation_nominale,25.35,44.08,892.509,0,fonctionnement_normal_simule
2026-01-01T00:08:08.800000+00:00,simulation_nominale,25.343,44.097,895.499,0,fonctionnement_normal_simule
2026-01-01T00:08:09+00:00,simulation_nominale,25.394,44.231,895.313,0,fonctionnement_normal_simule
2026-01-01T00:08:09.200000+00:00,simulation_nominale,25.402,44.131,898.136,0,fonctionnement_normal_simule
2026-01-01T00:08:09.400000+00:00,simulation_nominale,25.464,44.083,895.682,0,fonctionnement_normal_simule
2026-01-01T00:08:09.600000+00:00,simulation_nominale,25.395,44.117,894.016,0,fonctionnement_normal_simule
2026-01-01T00:08:09.800000+00:00,simulation_nominale,25.366,44.108,897.088,0,fonctionnement_normal_simule
2026-01-01T00:08:10+00:00,simulation_nominale,25.474,44.198,895.556,0,fonctionnement_normal_simule
2026-01-01T00:08:10.200000+00:00,simulation_nominale,25.479,44.108,895.088,0,fonctionnement_normal_simule
2026-01-01T00:08:10.400000+00:00,simulation_nominale,25.379,44.201,897.424,0,fonctionnement_normal_simule
2026-01-01T00:08:10.600000+00:00,simulation_nominale,25.4,43.997,899.448,0,fonctionnement_normal_simule
2026-01-01T00:08:10.800000+00:00,simulation_nominale,25.454,44.004,894.914,0,fonctionnement_normal_simule
2026-01-01T00:08:11+00:00,simulation_nominale,25.475,44.168,897.215,0,fonctionnement_normal_simule
2026-01-01T00:08:11.200000+00:00,simulation_nominale,25.523,44.132,896.57,0,fonctionnement_normal_simule
2026-01-01T00:08:11.400000+00:00,simulation_nominale,25.514,44.026,894.562,0,fonctionnement_normal_simule
2026-01-01T00:08:11.600000+00:00,simulation_nominale,25.416,44.12,894.396,0,fonctionnement_normal_simule
2026-01-01T00:08:11.800000+00:00,simulation_nominale,25.489,44.059,895.192,0,fonctionnement_normal_simule
2026-01-01T00:08:12+00:00,simulation_nominale,25.47,44.122,899.182,0,fonctionnement_normal_simule
2026-01-01T00:08:12.200000+00:00,simulation_nominale,25.476,43.973,899.864,0,fonctionnement_normal_simule
2026-01-01T00:08:12.400000+00:00,simulation_nominale,25.503,43.983,895.415,0,fonctionnement_normal_simule
2026-01-01T00:08:12.600000+00:00,simulation_nominale,25.541,44.013,896.332,0,fonctionnement_normal_simule
2026-01-01T00:08:12.800000+00:00,simulation_nominale,25.462,43.95,898.442,0,fonctionnement_normal_simule
2026-01-01T00:08:13+00:00,simulation_nominale,25.537,44.086,892.883,0,fonctionnement_normal_simule
2026-01-01T00:08:13.200000+00:00,simulation_nominale,25.505,44.022,897.699,0,fonctionnement_normal_simule
2026-01-01T00:08:13.400000+00:00,simulation_nominale,25.618,44.006,894.645,0,fonctionnement_normal_simule
2026-01-01T00:08:13.600000+00:00,simulation_nominale,25.512,43.875,899.19,0,fonctionnement_normal_simule
2026-01-01T00:08:13.800000+00:00,simulation_nominale,25.543,43.924,898.867,0,fonctionnement_normal_simule
2026-01-01T00:08:14+00:00,simulation_nominale,25.61,43.943,895.607,0,fonctionnement_normal_simule
2026-01-01T00:08:14.200000+00:00,simulation_nominale,25.575,43.825,897.717,0,fonctionnement_normal_simule
2026-01-01T00:08:14.400000+00:00,simulation_nominale,25.598,43.968,898.211,0,fonctionnement_normal_simule
2026-01-01T00:08:14.600000+00:00,simulation_nominale,25.579,43.96,899.64,0,fonctionnement_normal_simule
2026-01-01T00:08:14.800000+00:00,simulation_nominale,25.59,44.069,898.654,0,fonctionnement_normal_simule
2026-01-01T00:08:15+00:00,simulation_nominale,25.582,43.929,895.659,0,fonctionnement_normal_simule
2026-01-01T00:08:15.200000+00:00,simulation_nominale,25.649,44.147,896.577,0,fonctionnement_normal_simule
2026-01-01T00:08:15.400000+00:00,simulation_nominale,25.62,43.957,897.347,0,fonctionnement_normal_simule
2026-01-01T00:08:15.600000+00:00,simulation_nominale,25.608,43.962,894.312,0,fonctionnement_normal_simule
2026-01-01T00:08:15.800000+00:00,simulation_nominale,25.588,43.924,897.445,0,fonctionnement_normal_simule
2026-01-01T00:08:16+00:00,simulation_nominale,25.638,43.945,899.782,0,fonctionnement_normal_simule
2026-01-01T00:08:16.200000+00:00,simulation_nominale,25.595,43.837,899.612,0,fonctionnement_normal_simule
2026-01-01T00:08:16.400000+00:00,simulation_nominale,25.648,43.899,899.961,0,fonctionnement_normal_simule
2026-01-01T00:08:16.600000+00:00,simulation_nominale,25.579,43.997,898.011,0,fonctionnement_normal_simule
2026-01-01T00:08:16.800000+00:00,simulation_nominale,25.609,43.968,901.288,0,fonctionnement_normal_simule
2026-01-01T00:08:17+00:00,simulation_nominale,25.728,43.844,899.162,0,fonctionnement_normal_simule
2026-01-01T00:08:17.200000+00:00,simulation_nominale,25.697,43.748,902.97,0,fonctionnement_normal_simule
2026-01-01T00:08:17.400000+00:00,simulation_nominale,25.643,44.017,897.862,0,fonctionnement_normal_simule
2026-01-01T00:08:17.600000+00:00,simulation_nominale,25.701,43.825,900.796,0,fonctionnement_normal_simule
2026-01-01T00:08:17.800000+00:00,simulation_nominale,25.769,43.853,896.824,0,fonctionnement_normal_simule
2026-01-01T00:08:18+00:00,simulation_nominale,25.677,43.886,893.702,0,fonctionnement_normal_simule
2026-01-01T00:08:18.200000+00:00,simulation_nominale,25.649,43.827,898.848,0,fonctionnement_normal_simule
2026-01-01T00:08:18.400000+00:00,simulation_nominale,25.701,43.786,894.867,0,fonctionnement_normal_simule
2026-01-01T00:08:18.600000+00:00,simulation_nominale,25.713,43.801,898.974,0,fonctionnement_normal_simule
2026-01-01T00:08:18.800000+00:00,simulation_nominale,25.759,43.652,901.597,0,fonctionnement_normal_simule
2026-01-01T00:08:19+00:00,simulation_nominale,25.659,43.843,897.645,0,fonctionnement_normal_simule
2026-01-01T00:08:19.200000+00:00,simulation_nominale,25.791,43.84,898.246,0,fonctionnement_normal_simule
2026-01-01T00:08:19.400000+00:00,simulation_nominale,25.747,43.657,898.523,0,fonctionnement_normal_simule
2026-01-01T00:08:19.600000+00:00,simulation_nominale,25.738,43.708,896.548,0,fonctionnement_normal_simule
2026-01-01T00:08:19.800000+00:00,simulation_nominale,25.775,43.744,900.604,0,fonctionnement_normal_simule
2026-01-01T00:08:20+00:00,simulation_nominale,25.76,43.653,897.361,0,fonctionnement_normal_simule
2026-01-01T00:08:20.200000+00:00,simulation_nominale,25.791,43.62,901.649,0,fonctionnement_normal_simule
2026-01-01T00:08:20.400000+00:00,simulation_nominale,25.788,43.75,899.356,0,fonctionnement_normal_simule
2026-01-01T00:08:20.600000+00:00,simulation_nominale,25.832,43.808,897.658,0,fonctionnement_normal_simule
2026-01-01T00:08:20.800000+00:00,simulation_nominale,25.784,43.907,895.039,0,fonctionnement_normal_simule
2026-01-01T00:08:21+00:00,simulation_nominale,25.78,43.673,901.137,0,fonctionnement_normal_simule
2026-01-01T00:08:21.200000+00:00,simulation_nominale,25.84,43.764,897.669,0,fonctionnement_normal_simule
2026-01-01T00:08:21.400000+00:00,simulation_nominale,25.849,43.656,898.372,0,fonctionnement_normal_simule
2026-01-01T00:08:21.600000+00:00,simulation_nominale,25.813,43.67,897.57,0,fonctionnement_normal_simule
2026-01-01T00:08:21.800000+00:00,simulation_nominale,25.86,43.746,898.013,0,fonctionnement_normal_simule
2026-01-01T00:08:22+00:00,simulation_nominale,25.841,43.752,900.031,0,fonctionnement_normal_simule
2026-01-01T00:08:22.200000+00:00,simulation_nominale,25.924,43.691,900.46,0,fonctionnement_normal_simule
2026-01-01T00:08:22.400000+00:00,simulation_nominale,25.901,43.627,897.723,0,fonctionnement_normal_simule
2026-01-01T00:08:22.600000+00:00,simulation_nominale,25.827,43.735,899.573,0,fonctionnement_normal_simule
2026-01-01T00:08:22.800000+00:00,simulation_nominale,25.9,43.707,900.465,0,fonctionnement_normal_simule
2026-01-01T00:08:23+00:00,simulation_nominale,25.923,43.66,901.63,0,fonctionnement_normal_simule
2026-01-01T00:08:23.200000+00:00,simulation_nominale,25.93,43.576,899.739,0,fonctionnement_normal_simule
2026-01-01T00:08:23.400000+00:00,simulation_nominale,25.975,43.97,900.208,0,fonctionnement_normal_simule
2026-01-01T00:08:23.600000+00:00,simulation_nominale,25.922,43.547,900.601,0,fonctionnement_normal_simule
2026-01-01T00:08:23.800000+00:00,simulation_nominale,25.926,43.628,903.997,0,fonctionnement_normal_simule
2026-01-01T00:08:24+00:00,simulation_nominale,25.945,43.589,898.352,0,fonctionnement_normal_simule
2026-01-01T00:08:24.200000+00:00,simulation_nominale,25.973,43.613,898.745,0,fonctionnement_normal_simule
2026-01-01T00:08:24.400000+00:00,simulation_nominale,25.884,43.649,901.888,0,fonctionnement_normal_simule
2026-01-01T00:08:24.600000+00:00,simulation_nominale,25.992,43.674,904.068,0,fonctionnement_normal_simule
2026-01-01T00:08:24.800000+00:00,simulation_nominale,25.919,43.666,901.611,0,fonctionnement_normal_simule
2026-01-01T00:08:25+00:00,simulation_nominale,25.909,43.631,898.744,0,fonctionnement_normal_simule
2026-01-01T00:08:25.200000+00:00,simulation_nominale,25.991,43.575,902.321,0,fonctionnement_normal_simule
2026-01-01T00:08:25.400000+00:00,simulation_nominale,26.053,43.62,899.796,0,fonctionnement_normal_simule
2026-01-01T00:08:25.600000+00:00,simulation_nominale,25.949,43.665,899.321,0,fonctionnement_normal_simule
2026-01-01T00:08:25.800000+00:00,simulation_nominale,26.042,43.762,904.712,0,fonctionnement_normal_simule
2026-01-01T00:08:26+00:00,simulation_nominale,26.085,43.634,902.253,0,fonctionnement_normal_simule
2026-01-01T00:08:26.200000+00:00,simulation_nominale,25.988,43.515,902.891,0,fonctionnement_normal_simule
2026-01-01T00:08:26.400000+00:00,simulation_nominale,25.97,43.697,899.762,0,fonctionnement_normal_simule
2026-01-01T00:08:26.600000+00:00,simulation_nominale,26.026,43.753,902.078,0,fonctionnement_normal_simule
2026-01-01T00:08:26.800000+00:00,simulation_nominale,26.063,43.588,903.358,0,fonctionnement_normal_simule
2026-01-01T00:08:27+00:00,simulation_nominale,26.039,43.532,899.745,0,fonctionnement_normal_simule
2026-01-01T00:08:27.200000+00:00,simulation_nominale,25.995,43.502,903.144,0,fonctionnement_normal_simule
2026-01-01T00:08:27.400000+00:00,simulation_nominale,26.061,43.523,903.449,0,fonctionnement_normal_simule
2026-01-01T00:08:27.600000+00:00,simulation_nominale,26.079,43.631,899.972,0,fonctionnement_normal_simule
2026-01-01T00:08:27.800000+00:00,simulation_nominale,26.061,43.62,901.492,0,fonctionnement_normal_simule
2026-01-01T00:08:28+00:00,simulation_nominale,26.127,43.65,905.108,0,fonctionnement_normal_simule
2026-01-01T00:08:28.200000+00:00,simulation_nominale,26.106,43.534,902.282,0,fonctionnement_normal_simule
2026-01-01T00:08:28.400000+00:00,simulation_nominale,26.194,43.669,901.959,0,fonctionnement_normal_simule
2026-01-01T00:08:28.600000+00:00,simulation_nominale,26.137,43.562,901.701,0,fonctionnement_normal_simule
2026-01-01T00:08:28.800000+00:00,simulation_nominale,26.161,43.61,904.289,0,fonctionnement_normal_simule
2026-01-01T00:08:29+00:00,simulation_nominale,26.193,43.533,903.117,0,fonctionnement_normal_simule
2026-01-01T00:08:29.200000+00:00,simulation_nominale,26.168,43.633,901.824,0,fonctionnement_normal_simule
2026-01-01T00:08:29.400000+00:00,simulation_nominale,26.139,43.72,901.531,0,fonctionnement_normal_simule
2026-01-01T00:08:29.600000+00:00,simulation_nominale,26.163,43.603,899.858,0,fonctionnement_normal_simule
2026-01-01T00:08:29.800000+00:00,simulation_nominale,26.178,43.453,903.227,0,fonctionnement_normal_simule
2026-01-01T00:08:30+00:00,simulation_nominale,26.208,43.518,899.834,0,fonctionnement_normal_simule
2026-01-01T00:08:30.200000+00:00,simulation_nominale,26.165,43.554,903.188,0,fonctionnement_normal_simule
2026-01-01T00:08:30.400000+00:00,simulation_nominale,26.182,43.575,900.094,0,fonctionnement_normal_simule
2026-01-01T00:08:30.600000+00:00,simulation_nominale,26.223,43.377,902.385,0,fonctionnement_normal_simule
2026-01-01T00:08:30.800000+00:00,simulation_nominale,26.219,43.486,900.266,0,fonctionnement_normal_simule
2026-01-01T00:08:31+00:00,simulation_nominale,26.164,43.506,907.252,0,fonctionnement_normal_simule
2026-01-01T00:08:31.200000+00:00,simulation_nominale,26.141,43.576,902.914,0,fonctionnement_normal_simule
2026-01-01T00:08:31.400000+00:00,simulation_nominale,26.175,43.43,901.011,0,fonctionnement_normal_simule
2026-01-01T00:08:31.600000+00:00,simulation_nominale,26.228,43.592,906.09,0,fonctionnement_normal_simule
2026-01-01T00:08:31.800000+00:00,simulation_nominale,26.183,43.366,904.684,0,fonctionnement_normal_simule
2026-01-01T00:08:32+00:00,simulation_nominale,26.249,43.628,899.816,0,fonctionnement_normal_simule
2026-01-01T00:08:32.200000+00:00,simulation_nominale,26.295,43.542,907.71,0,fonctionnement_normal_simule
2026-01-01T00:08:32.400000+00:00,simulation_nominale,26.233,43.641,902.587,0,fonctionnement_normal_simule
2026-01-01T00:08:32.600000+00:00,simulation_nominale,26.334,43.487,900.783,0,fonctionnement_normal_simule
2026-01-01T00:08:32.800000+00:00,simulation_nominale,26.264,43.617,906.421,0,fonctionnement_normal_simule
2026-01-01T00:08:33+00:00,simulation_nominale,26.259,43.556,903.933,0,fonctionnement_normal_simule
2026-01-01T00:08:33.200000+00:00,simulation_nominale,26.322,43.606,903.019,0,fonctionnement_normal_simule
2026-01-01T00:08:33.400000+00:00,simulation_nominale,26.313,43.519,906.469,0,fonctionnement_normal_simule
2026-01-01T00:08:33.600000+00:00,simulation_nominale,26.266,43.526,903.025,0,fonctionnement_normal_simule
2026-01-01T00:08:33.800000+00:00,simulation_nominale,26.225,43.42,906.48,0,fonctionnement_normal_simule
2026-01-01T00:08:34+00:00,simulation_nominale,26.319,43.453,905.283,0,fonctionnement_normal_simule
2026-01-01T00:08:34.200000+00:00,simulation_nominale,26.302,43.576,903.48,0,fonctionnement_normal_simule
2026-01-01T00:08:34.400000+00:00,simulation_nominale,26.306,43.421,906.726,0,fonctionnement_normal_simule
2026-01-01T00:08:34.600000+00:00,simulation_nominale,26.334,43.521,909.389,0,fonctionnement_normal_simule
2026-01-01T00:08:34.800000+00:00,simulation_nominale,26.366,43.625,905.231,0,fonctionnement_normal_simule
2026-01-01T00:08:35+00:00,simulation_nominale,26.305,43.546,904.735,0,fonctionnement_normal_simule
2026-01-01T00:08:35.200000+00:00,simulation_nominale,26.318,43.603,904.073,0,fonctionnement_normal_simule
2026-01-01T00:08:35.400000+00:00,simulation_nominale,26.348,43.518,901.763,0,fonctionnement_normal_simule
2026-01-01T00:08:35.600000+00:00,simulation_nominale,26.365,43.568,904.934,0,fonctionnement_normal_simule
2026-01-01T00:08:35.800000+00:00,simulation_nominale,26.36,43.48,903.644,0,fonctionnement_normal_simule
2026-01-01T00:08:36+00:00,simulation_nominale,26.331,43.361,906.03,0,fonctionnement_normal_simule
2026-01-01T00:08:36.200000+00:00,simulation_nominale,26.309,43.468,900.844,0,fonctionnement_normal_simule
2026-01-01T00:08:36.400000+00:00,simulation_nominale,26.341,43.547,905.258,0,fonctionnement_normal_simule
2026-01-01T00:08:36.600000+00:00,simulation_nominale,26.375,43.522,901.756,0,fonctionnement_normal_simule
2026-01-01T00:08:36.800000+00:00,simulation_nominale,26.415,43.469,905.261,0,fonctionnement_normal_simule
2026-01-01T00:08:37+00:00,simulation_nominale,26.403,43.289,908.105,0,fonctionnement_normal_simule
2026-01-01T00:08:37.200000+00:00,simulation_nominale,26.378,43.546,904.63,0,fonctionnement_normal_simule
2026-01-01T00:08:37.400000+00:00,simulation_nominale,26.372,43.606,902.971,0,fonctionnement_normal_simule
2026-01-01T00:08:37.600000+00:00,simulation_nominale,26.415,43.458,906.469,0,fonctionnement_normal_simule
2026-01-01T00:08:37.800000+00:00,simulation_nominale,26.444,43.556,906.61,0,fonctionnement_normal_simule
2026-01-01T00:08:38+00:00,simulation_nominale,26.39,43.48,906.218,0,fonctionnement_normal_simule
2026-01-01T00:08:38.200000+00:00,simulation_nominale,26.468,43.538,905.231,0,fonctionnement_normal_simule
2026-01-01T00:08:38.400000+00:00,simulation_nominale,26.434,43.573,906.604,0,fonctionnement_normal_simule
2026-01-01T00:08:38.600000+00:00,simulation_nominale,26.466,43.468,907.54,0,fonctionnement_normal_simule
2026-01-01T00:08:38.800000+00:00,simulation_nominale,26.422,43.508,906.931,0,fonctionnement_normal_simule
2026-01-01T00:08:39+00:00,simulation_nominale,26.388,43.48,906.382,0,fonctionnement_normal_simule
2026-01-01T00:08:39.200000+00:00,simulation_nominale,26.453,43.567,901.243,0,fonctionnement_normal_simule
2026-01-01T00:08:39.400000+00:00,simulation_nominale,26.385,43.58,907.422,0,fonctionnement_normal_simule
2026-01-01T00:08:39.600000+00:00,simulation_nominale,26.535,43.492,908.391,0,fonctionnement_normal_simule
2026-01-01T00:08:39.800000+00:00,simulation_nominale,26.551,43.319,902.733,0,fonctionnement_normal_simule
2026-01-01T00:08:40+00:00,simulation_nominale,26.447,43.389,909.131,0,fonctionnement_normal_simule
2026-01-01T00:08:40.200000+00:00,simulation_nominale,26.462,43.447,908.624,0,fonctionnement_normal_simule
2026-01-01T00:08:40.400000+00:00,simulation_nominale,26.504,43.457,907.569,0,fonctionnement_normal_simule
2026-01-01T00:08:40.600000+00:00,simulation_nominale,26.446,43.448,908.61,0,fonctionnement_normal_simule
2026-01-01T00:08:40.800000+00:00,simulation_nominale,26.454,43.465,905.379,0,fonctionnement_normal_simule
2026-01-01T00:08:41+00:00,simulation_nominale,26.47,43.302,903.233,0,fonctionnement_normal_simule
2026-01-01T00:08:41.200000+00:00,simulation_nominale,26.503,43.617,907.77,0,fonctionnement_normal_simule
2026-01-01T00:08:41.400000+00:00,simulation_nominale,26.481,43.497,903.092,0,fonctionnement_normal_simule
2026-01-01T00:08:41.600000+00:00,simulation_nominale,26.496,43.49,905.312,0,fonctionnement_normal_simule
2026-01-01T00:08:41.800000+00:00,simulation_nominale,26.535,43.541,907.643,0,fonctionnement_normal_simule
2026-01-01T00:08:42+00:00,simulation_nominale,26.604,43.554,902.645,0,fonctionnement_normal_simule
2026-01-01T00:08:42.200000+00:00,simulation_nominale,26.464,43.507,904.85,0,fonctionnement_normal_simule
2026-01-01T00:08:42.400000+00:00,simulation_nominale,26.515,43.627,906.836,0,fonctionnement_normal_simule
2026-01-01T00:08:42.600000+00:00,simulation_nominale,26.481,43.629,906.314,0,fonctionnement_normal_simule
2026-01-01T00:08:42.800000+00:00,simulation_nominale,26.532,43.533,907.789,0,fonctionnement_normal_simule
2026-01-01T00:08:43+00:00,simulation_nominale,26.509,43.523,909.292,0,fonctionnement_normal_simule
2026-01-01T00:08:43.200000+00:00,simulation_nominale,26.592,43.454,906.879,0,fonctionnement_normal_simule
2026-01-01T00:08:43.400000+00:00,simulation_nominale,26.608,43.5,904.201,0,fonctionnement_normal_simule
2026-01-01T00:08:43.600000+00:00,simulation_nominale,26.525,43.571,906.723,0,fonctionnement_normal_simule
2026-01-01T00:08:43.800000+00:00,simulation_nominale,26.556,43.545,906.412,0,fonctionnement_normal_simule
2026-01-01T00:08:44+00:00,simulation_nominale,26.579,43.633,907.859,0,fonctionnement_normal_simule
2026-01-01T00:08:44.200000+00:00,simulation_nominale,26.584,43.618,908.506,0,fonctionnement_normal_simule
2026-01-01T00:08:44.400000+00:00,simulation_nominale,26.612,43.368,907.152,0,fonctionnement_normal_simule
2026-01-01T00:08:44.600000+00:00,simulation_nominale,26.587,43.521,905.413,0,fonctionnement_normal_simule
2026-01-01T00:08:44.800000+00:00,simulation_nominale,26.57,43.475,907.831,0,fonctionnement_normal_simule
2026-01-01T00:08:45+00:00,simulation_nominale,26.606,43.517,909.319,0,fonctionnement_normal_simule
2026-01-01T00:08:45.200000+00:00,simulation_nominale,26.561,43.491,907.385,0,fonctionnement_normal_simule
2026-01-01T00:08:45.400000+00:00,simulation_nominale,26.57,43.621,906.914,0,fonctionnement_normal_simule
2026-01-01T00:08:45.600000+00:00,simulation_nominale,26.611,43.618,904.036,0,fonctionnement_normal_simule
2026-01-01T00:08:45.800000+00:00,simulation_nominale,26.591,43.555,903.632,0,fonctionnement_normal_simule
2026-01-01T00:08:46+00:00,simulation_nominale,26.599,43.533,904.473,0,fonctionnement_normal_simule
2026-01-01T00:08:46.200000+00:00,simulation_nominale,26.654,43.561,902.883,0,fonctionnement_normal_simule
2026-01-01T00:08:46.400000+00:00,simulation_nominale,26.585,43.528,907.193,0,fonctionnement_normal_simule
2026-01-01T00:08:46.600000+00:00,simulation_nominale,26.577,43.471,907.946,0,fonctionnement_normal_simule
2026-01-01T00:08:46.800000+00:00,simulation_nominale,26.572,43.636,908.452,0,fonctionnement_normal_simule
2026-01-01T00:08:47+00:00,simulation_nominale,26.623,43.516,907.728,0,fonctionnement_normal_simule
2026-01-01T00:08:47.200000+00:00,simulation_nominale,26.619,43.577,904.317,0,fonctionnement_normal_simule
2026-01-01T00:08:47.400000+00:00,simulation_nominale,26.62,43.385,907.804,0,fonctionnement_normal_simule
2026-01-01T00:08:47.600000+00:00,simulation_nominale,26.722,43.493,905.964,0,fonctionnement_normal_simule
2026-01-01T00:08:47.800000+00:00,simulation_nominale,26.659,43.506,905.546,0,fonctionnement_normal_simule
2026-01-01T00:08:48+00:00,simulation_nominale,26.62,43.589,909.371,0,fonctionnement_normal_simule
2026-01-01T00:08:48.200000+00:00,simulation_nominale,26.614,43.532,907.131,0,fonctionnement_normal_simule
2026-01-01T00:08:48.400000+00:00,simulation_nominale,26.607,43.607,910.416,0,fonctionnement_normal_simule
2026-01-01T00:08:48.600000+00:00,simulation_nominale,26.605,43.494,907.563,0,fonctionnement_normal_simule
2026-01-01T00:08:48.800000+00:00,simulation_nominale,26.617,43.475,905.059,0,fonctionnement_normal_simule
2026-01-01T00:08:49+00:00,simulation_nominale,26.569,43.588,906.26,0,fonctionnement_normal_simule
2026-01-01T00:08:49.200000+00:00,simulation_nominale,26.718,43.628,905.72,0,fonctionnement_normal_simule
2026-01-01T00:08:49.400000+00:00,simulation_nominale,26.604,43.563,905.059,0,fonctionnement_normal_simule
2026-01-01T00:08:49.600000+00:00,simulation_nominale,26.648,43.692,907.158,0,fonctionnement_normal_simule
2026-01-01T00:08:49.800000+00:00,simulation_nominale,26.626,43.45,904.87,0,fonctionnement_normal_simule
2026-01-01T00:08:50+00:00,simulation_nominale,26.659,43.601,908.213,0,fonctionnement_normal_simule
2026-01-01T00:08:50.200000+00:00,simulation_nominale,26.601,43.685,906.846,0,fonctionnement_normal_simule
2026-01-01T00:08:50.400000+00:00,simulation_nominale,26.587,43.53,906.581,0,fonctionnement_normal_simule
2026-01-01T00:08:50.600000+00:00,simulation_nominale,26.66,43.49,909.632,0,fonctionnement_normal_simule
2026-01-01T00:08:50.800000+00:00,simulation_nominale,26.664,43.695,910.765,0,fonctionnement_normal_simule
2026-01-01T00:08:51+00:00,simulation_nominale,26.655,43.58,909.059,0,fonctionnement_normal_simule
2026-01-01T00:08:51.200000+00:00,simulation_nominale,26.6,43.721,907.797,0,fonctionnement_normal_simule
2026-01-01T00:08:51.400000+00:00,simulation_nominale,26.654,43.549,905.314,0,fonctionnement_normal_simule
2026-01-01T00:08:51.600000+00:00,simulation_nominale,26.661,43.68,907.902,0,fonctionnement_normal_simule
2026-01-01T00:08:51.800000+00:00,simulation_nominale,26.583,43.593,908.975,0,fonctionnement_normal_simule
2026-01-01T00:08:52+00:00,simulation_nominale,26.75,43.64,908.718,0,fonctionnement_normal_simule
2026-01-01T00:08:52.200000+00:00,simulation_nominale,26.679,43.624,905.662,0,fonctionnement_normal_simule
2026-01-01T00:08:52.400000+00:00,simulation_nominale,26.644,43.554,908.899,0,fonctionnement_normal_simule
2026-01-01T00:08:52.600000+00:00,simulation_nominale,26.716,43.651,906.705,0,fonctionnement_normal_simule
2026-01-01T00:08:52.800000+00:00,simulation_nominale,26.724,43.848,904.488,0,fonctionnement_normal_simule
2026-01-01T00:08:53+00:00,simulation_nominale,26.708,43.686,908.63,0,fonctionnement_normal_simule
2026-01-01T00:08:53.200000+00:00,simulation_nominale,26.714,43.803,907.739,0,fonctionnement_normal_simule
2026-01-01T00:08:53.400000+00:00,simulation_nominale,26.774,43.59,909.518,0,fonctionnement_normal_simule
2026-01-01T00:08:53.600000+00:00,simulation_nominale,26.632,43.576,908.836,0,fonctionnement_normal_simule
2026-01-01T00:08:53.800000+00:00,simulation_nominale,26.72,43.648,909.118,0,fonctionnement_normal_simule
2026-01-01T00:08:54+00:00,simulation_nominale,26.663,43.788,905.039,0,fonctionnement_normal_simule
2026-01-01T00:08:54.200000+00:00,simulation_nominale,26.701,43.727,908.42,0,fonctionnement_normal_simule
2026-01-01T00:08:54.400000+00:00,simulation_nominale,26.694,43.7,902.849,0,fonctionnement_normal_simule
2026-01-01T00:08:54.600000+00:00,simulation_nominale,26.637,43.794,909.387,0,fonctionnement_normal_simule
2026-01-01T00:08:54.800000+00:00,simulation_nominale,26.751,43.725,911.369,0,fonctionnement_normal_simule
2026-01-01T00:08:55+00:00,simulation_nominale,26.692,43.807,907.055,0,fonctionnement_normal_simule
2026-01-01T00:08:55.200000+00:00,simulation_nominale,26.676,43.802,905.095,0,fonctionnement_normal_simule
2026-01-01T00:08:55.400000+00:00,simulation_nominale,26.76,43.883,907.969,0,fonctionnement_normal_simule
2026-01-01T00:08:55.600000+00:00,simulation_nominale,26.755,43.698,907.481,0,fonctionnement_normal_simule
2026-01-01T00:08:55.800000+00:00,simulation_nominale,26.71,43.702,909.378,0,fonctionnement_normal_simule
2026-01-01T00:08:56+00:00,simulation_nominale,26.737,43.804,906.937,0,fonctionnement_normal_simule
2026-01-01T00:08:56.200000+00:00,simulation_nominale,26.641,43.791,907.247,0,fonctionnement_normal_simule
2026-01-01T00:08:56.400000+00:00,simulation_nominale,26.638,43.667,907.375,0,fonctionnement_normal_simule
2026-01-01T00:08:56.600000+00:00,simulation_nominale,26.764,43.799,906.177,0,fonctionnement_normal_simule
2026-01-01T00:08:56.800000+00:00,simulation_nominale,26.66,43.695,905.886,0,fonctionnement_normal_simule
2026-01-01T00:08:57+00:00,simulation_nominale,26.71,43.869,913.328,0,fonctionnement_normal_simule
2026-01-01T00:08:57.200000+00:00,simulation_nominale,26.775,43.748,909.782,0,fonctionnement_normal_simule
2026-01-01T00:08:57.400000+00:00,simulation_nominale,26.708,43.931,908.919,0,fonctionnement_normal_simule
2026-01-01T00:08:57.600000+00:00,simulation_nominale,26.685,43.875,906.292,0,fonctionnement_normal_simule
2026-01-01T00:08:57.800000+00:00,simulation_nominale,26.68,43.779,907.326,0,fonctionnement_normal_simule
2026-01-01T00:08:58+00:00,simulation_nominale,26.621,43.891,913.187,0,fonctionnement_normal_simule
2026-01-01T00:08:58.200000+00:00,simulation_nominale,26.655,43.924,904.435,0,fonctionnement_normal_simule
2026-01-01T00:08:58.400000+00:00,simulation_nominale,26.701,43.756,908.189,0,fonctionnement_normal_simule
2026-01-01T00:08:58.600000+00:00,simulation_nominale,26.726,43.725,907.468,0,fonctionnement_normal_simule
2026-01-01T00:08:58.800000+00:00,simulation_nominale,26.734,43.761,910.256,0,fonctionnement_normal_simule
2026-01-01T00:08:59+00:00,simulation_nominale,26.756,43.803,910.595,0,fonctionnement_normal_simule
2026-01-01T00:08:59.200000+00:00,simulation_nominale,26.626,43.798,908.809,0,fonctionnement_normal_simule
2026-01-01T00:08:59.400000+00:00,simulation_nominale,26.742,43.942,909.677,0,fonctionnement_normal_simule
2026-01-01T00:08:59.600000+00:00,simulation_nominale,26.705,43.915,907.756,0,fonctionnement_normal_simule
2026-01-01T00:08:59.800000+00:00,simulation_nominale,26.644,43.939,908.813,0,fonctionnement_normal_simule
2026-01-01T00:09:00+00:00,simulation_nominale,26.697,43.827,911.545,0,fonctionnement_normal_simule
2026-01-01T00:09:00.200000+00:00,simulation_nominale,26.665,43.886,906.223,0,fonctionnement_normal_simule
2026-01-01T00:09:00.400000+00:00,simulation_nominale,26.699,43.978,908.423,0,fonctionnement_normal_simule
2026-01-01T00:09:00.600000+00:00,simulation_nominale,26.688,43.959,909.441,0,fonctionnement_normal_simule
2026-01-01T00:09:00.800000+00:00,simulation_nominale,26.697,43.866,906.101,0,fonctionnement_normal_simule
2026-01-01T00:09:01+00:00,simulation_nominale,26.623,44.031,906.107,0,fonctionnement_normal_simule
2026-01-01T00:09:01.200000+00:00,simulation_nominale,26.652,43.846,905.22,0,fonctionnement_normal_simule
2026-01-01T00:09:01.400000+00:00,simulation_nominale,26.742,43.914,905.515,0,fonctionnement_normal_simule
2026-01-01T00:09:01.600000+00:00,simulation_nominale,26.664,43.848,909.689,0,fonctionnement_normal_simule
2026-01-01T00:09:01.800000+00:00,simulation_nominale,26.638,43.942,908.388,0,fonctionnement_normal_simule
2026-01-01T00:09:02+00:00,simulation_nominale,26.709,43.96,907.101,0,fonctionnement_normal_simule
2026-01-01T00:09:02.200000+00:00,simulation_nominale,26.599,43.948,906.355,0,fonctionnement_normal_simule
2026-01-01T00:09:02.400000+00:00,simulation_nominale,26.639,44.072,909.831,0,fonctionnement_normal_simule
2026-01-01T00:09:02.600000+00:00,simulation_nominale,26.676,43.992,907.291,0,fonctionnement_normal_simule
2026-01-01T00:09:02.800000+00:00,simulation_nominale,26.614,43.936,908.991,0,fonctionnement_normal_simule
2026-01-01T00:09:03+00:00,simulation_nominale,26.684,43.898,909.478,0,fonctionnement_normal_simule
2026-01-01T00:09:03.200000+00:00,simulation_nominale,26.701,43.893,906.043,0,fonctionnement_normal_simule
2026-01-01T00:09:03.400000+00:00,simulation_nominale,26.669,43.914,908.665,0,fonctionnement_normal_simule
2026-01-01T00:09:03.600000+00:00,simulation_nominale,26.662,44.011,910.677,0,fonctionnement_normal_simule
2026-01-01T00:09:03.800000+00:00,simulation_nominale,26.656,43.919,907.074,0,fonctionnement_normal_simule
2026-01-01T00:09:04+00:00,simulation_nominale,26.663,43.988,905.211,0,fonctionnement_normal_simule
2026-01-01T00:09:04.200000+00:00,simulation_nominale,26.617,43.991,904.41,0,fonctionnement_normal_simule
2026-01-01T00:09:04.400000+00:00,simulation_nominale,26.634,44.258,911.803,0,fonctionnement_normal_simule
2026-01-01T00:09:04.600000+00:00,simulation_nominale,26.771,44.013,904.72,0,fonctionnement_normal_simule
2026-01-01T00:09:04.800000+00:00,simulation_nominale,26.696,43.963,906.324,0,fonctionnement_normal_simule
2026-01-01T00:09:05+00:00,simulation_nominale,26.635,44.125,906.622,0,fonctionnement_normal_simule
2026-01-01T00:09:05.200000+00:00,simulation_nominale,26.683,44.013,906.396,0,fonctionnement_normal_simule
2026-01-01T00:09:05.400000+00:00,simulation_nominale,26.596,44.061,906.125,0,fonctionnement_normal_simule
2026-01-01T00:09:05.600000+00:00,simulation_nominale,26.683,44.039,904.719,0,fonctionnement_normal_simule
2026-01-01T00:09:05.800000+00:00,simulation_nominale,26.667,44.202,906.376,0,fonctionnement_normal_simule
2026-01-01T00:09:06+00:00,simulation_nominale,26.733,43.893,904.886,0,fonctionnement_normal_simule
2026-01-01T00:09:06.200000+00:00,simulation_nominale,26.649,43.994,901.097,0,fonctionnement_normal_simule
2026-01-01T00:09:06.400000+00:00,simulation_nominale,26.66,44.029,904.921,0,fonctionnement_normal_simule
2026-01-01T00:09:06.600000+00:00,simulation_nominale,26.65,44.099,905.237,0,fonctionnement_normal_simule
2026-01-01T00:09:06.800000+00:00,simulation_nominale,26.678,44.062,908.707,0,fonctionnement_normal_simule
2026-01-01T00:09:07+00:00,simulation_nominale,26.7,44.006,904.636,0,fonctionnement_normal_simule
2026-01-01T00:09:07.200000+00:00,simulation_nominale,26.685,44.039,905.184,0,fonctionnement_normal_simule
2026-01-01T00:09:07.400000+00:00,simulation_nominale,26.652,44.23,908.636,0,fonctionnement_normal_simule
2026-01-01T00:09:07.600000+00:00,simulation_nominale,26.637,44.201,906.899,0,fonctionnement_normal_simule
2026-01-01T00:09:07.800000+00:00,simulation_nominale,26.706,44.165,905.918,0,fonctionnement_normal_simule
2026-01-01T00:09:08+00:00,simulation_nominale,26.63,44.071,903.535,0,fonctionnement_normal_simule
2026-01-01T00:09:08.200000+00:00,simulation_nominale,26.528,44.3,910.007,0,fonctionnement_normal_simule
2026-01-01T00:09:08.400000+00:00,simulation_nominale,26.563,44.259,906.836,0,fonctionnement_normal_simule
2026-01-01T00:09:08.600000+00:00,simulation_nominale,26.621,44.249,905.777,0,fonctionnement_normal_simule
2026-01-01T00:09:08.800000+00:00,simulation_nominale,26.733,44.281,904.351,0,fonctionnement_normal_simule
2026-01-01T00:09:09+00:00,simulation_nominale,26.58,44.327,905.342,0,fonctionnement_normal_simule
2026-01-01T00:09:09.200000+00:00,simulation_nominale,26.612,44.237,905.951,0,fonctionnement_normal_simule
2026-01-01T00:09:09.400000+00:00,simulation_nominale,26.664,44.158,901.163,0,fonctionnement_normal_simule
2026-01-01T00:09:09.600000+00:00,simulation_nominale,26.592,44.179,904.433,0,fonctionnement_normal_simule
2026-01-01T00:09:09.800000+00:00,simulation_nominale,26.545,44.175,902.74,0,fonctionnement_normal_simule
2026-01-01T00:09:10+00:00,simulation_nominale,26.647,44.173,905.135,0,fonctionnement_normal_simule
2026-01-01T00:09:10.200000+00:00,simulation_nominale,26.663,44.241,906.285,0,fonctionnement_normal_simule
2026-01-01T00:09:10.400000+00:00,simulation_nominale,26.642,44.323,904.312,0,fonctionnement_normal_simule
2026-01-01T00:09:10.600000+00:00,simulation_nominale,26.557,44.389,905.796,0,fonctionnement_normal_simule
2026-01-01T00:09:10.800000+00:00,simulation_nominale,26.567,44.266,905.257,0,fonctionnement_normal_simule
2026-01-01T00:09:11+00:00,simulation_nominale,26.521,44.342,907.39,0,fonctionnement_normal_simule
2026-01-01T00:09:11.200000+00:00,simulation_nominale,26.562,44.245,904.416,0,fonctionnement_normal_simule
2026-01-01T00:09:11.400000+00:00,simulation_nominale,26.577,44.483,906.881,0,fonctionnement_normal_simule
2026-01-01T00:09:11.600000+00:00,simulation_nominale,26.589,44.281,905.273,0,fonctionnement_normal_simule
2026-01-01T00:09:11.800000+00:00,simulation_nominale,26.57,44.246,904.202,0,fonctionnement_normal_simule
2026-01-01T00:09:12+00:00,simulation_nominale,26.592,44.262,902.362,0,fonctionnement_normal_simule
2026-01-01T00:09:12.200000+00:00,simulation_nominale,26.564,44.325,901.49,0,fonctionnement_normal_simule
2026-01-01T00:09:12.400000+00:00,simulation_nominale,26.614,44.46,909.04,0,fonctionnement_normal_simule
2026-01-01T00:09:12.600000+00:00,simulation_nominale,26.545,44.421,907.257,0,fonctionnement_normal_simule
2026-01-01T00:09:12.800000+00:00,simulation_nominale,26.581,44.476,905.061,0,fonctionnement_normal_simule
2026-01-01T00:09:13+00:00,simulation_nominale,26.536,44.431,905.66,0,fonctionnement_normal_simule
2026-01-01T00:09:13.200000+00:00,simulation_nominale,26.579,44.49,904.929,0,fonctionnement_normal_simule
2026-01-01T00:09:13.400000+00:00,simulation_nominale,26.539,44.506,904.247,0,fonctionnement_normal_simule
2026-01-01T00:09:13.600000+00:00,simulation_nominale,26.511,44.497,900.212,0,fonctionnement_normal_simule
2026-01-01T00:09:13.800000+00:00,simulation_nominale,26.584,44.498,904.414,0,fonctionnement_normal_simule
2026-01-01T00:09:14+00:00,simulation_nominale,26.581,44.407,904.947,0,fonctionnement_normal_simule
2026-01-01T00:09:14.200000+00:00,simulation_nominale,26.474,44.35,905.169,0,fonctionnement_normal_simule
2026-01-01T00:09:14.400000+00:00,simulation_nominale,26.51,44.367,906.067,0,fonctionnement_normal_simule
2026-01-01T00:09:14.600000+00:00,simulation_nominale,26.519,44.414,903.816,0,fonctionnement_normal_simule
2026-01-01T00:09:14.800000+00:00,simulation_nominale,26.579,44.563,904.179,0,fonctionnement_normal_simule
2026-01-01T00:09:15+00:00,simulation_nominale,26.54,44.44,907.604,0,fonctionnement_normal_simule
2026-01-01T00:09:15.200000+00:00,simulation_nominale,26.562,44.467,904.335,0,fonctionnement_normal_simule
2026-01-01T00:09:15.400000+00:00,simulation_nominale,26.542,44.582,905.882,0,fonctionnement_normal_simule
2026-01-01T00:09:15.600000+00:00,simulation_nominale,26.528,44.542,900.609,0,fonctionnement_normal_simule
2026-01-01T00:09:15.800000+00:00,simulation_nominale,26.555,44.497,904.215,0,fonctionnement_normal_simule
2026-01-01T00:09:16+00:00,simulation_nominale,26.491,44.618,902.807,0,fonctionnement_normal_simule
2026-01-01T00:09:16.200000+00:00,simulation_nominale,26.441,44.66,904.976,0,fonctionnement_normal_simule
2026-01-01T00:09:16.400000+00:00,simulation_nominale,26.544,44.549,904.192,0,fonctionnement_normal_simule
2026-01-01T00:09:16.600000+00:00,simulation_nominale,26.514,44.481,900.343,0,fonctionnement_normal_simule
2026-01-01T00:09:16.800000+00:00,simulation_nominale,26.44,44.521,906.929,0,fonctionnement_normal_simule
2026-01-01T00:09:17+00:00,simulation_nominale,26.571,44.565,903.479,0,fonctionnement_normal_simule
2026-01-01T00:09:17.200000+00:00,simulation_nominale,26.451,44.571,903.905,0,fonctionnement_normal_simule
2026-01-01T00:09:17.400000+00:00,simulation_nominale,26.473,44.572,902.926,0,fonctionnement_normal_simule
2026-01-01T00:09:17.600000+00:00,simulation_nominale,26.43,44.552,902.273,0,fonctionnement_normal_simule
2026-01-01T00:09:17.800000+00:00,simulation_nominale,26.477,44.659,901.95,0,fonctionnement_normal_simule
2026-01-01T00:09:18+00:00,simulation_nominale,26.483,44.634,904.839,0,fonctionnement_normal_simule
2026-01-01T00:09:18.200000+00:00,simulation_nominale,26.432,44.783,905.645,0,fonctionnement_normal_simule
2026-01-01T00:09:18.400000+00:00,simulation_nominale,26.463,44.764,901.484,0,fonctionnement_normal_simule
2026-01-01T00:09:18.600000+00:00,simulation_nominale,26.499,44.561,902.861,0,fonctionnement_normal_simule
2026-01-01T00:09:18.800000+00:00,simulation_nominale,26.4,44.516,900.032,0,fonctionnement_normal_simule
2026-01-01T00:09:19+00:00,simulation_nominale,26.402,44.717,901.809,0,fonctionnement_normal_simule
2026-01-01T00:09:19.200000+00:00,simulation_nominale,26.451,44.662,900.622,0,fonctionnement_normal_simule
2026-01-01T00:09:19.400000+00:00,simulation_nominale,26.463,44.794,901.905,0,fonctionnement_normal_simule
2026-01-01T00:09:19.600000+00:00,simulation_nominale,26.339,44.62,901.287,0,fonctionnement_normal_simule
2026-01-01T00:09:19.800000+00:00,simulation_nominale,26.401,44.813,902.387,0,fonctionnement_normal_simule
2026-01-01T00:09:20+00:00,simulation_nominale,26.404,44.762,899.807,0,fonctionnement_normal_simule
2026-01-01T00:09:20.200000+00:00,simulation_nominale,26.432,44.859,903.139,0,fonctionnement_normal_simule
2026-01-01T00:09:20.400000+00:00,simulation_nominale,26.444,44.727,902.028,0,fonctionnement_normal_simule
2026-01-01T00:09:20.600000+00:00,simulation_nominale,26.431,44.743,900.71,0,fonctionnement_normal_simule
2026-01-01T00:09:20.800000+00:00,simulation_nominale,26.442,44.754,900.251,0,fonctionnement_normal_simule
2026-01-01T00:09:21+00:00,simulation_nominale,26.365,44.605,903.87,0,fonctionnement_normal_simule
2026-01-01T00:09:21.200000+00:00,simulation_nominale,26.414,44.687,900.359,0,fonctionnement_normal_simule
2026-01-01T00:09:21.400000+00:00,simulation_nominale,26.429,44.874,900.961,0,fonctionnement_normal_simule
2026-01-01T00:09:21.600000+00:00,simulation_nominale,26.342,44.838,904.386,0,fonctionnement_normal_simule
2026-01-01T00:09:21.800000+00:00,simulation_nominale,26.374,44.861,901.058,0,fonctionnement_normal_simule
2026-01-01T00:09:22+00:00,simulation_nominale,26.399,44.873,899.191,0,fonctionnement_normal_simule
2026-01-01T00:09:22.200000+00:00,simulation_nominale,26.316,44.98,897.675,0,fonctionnement_normal_simule
2026-01-01T00:09:22.400000+00:00,simulation_nominale,26.284,44.89,900.955,0,fonctionnement_normal_simule
2026-01-01T00:09:22.600000+00:00,simulation_nominale,26.275,44.576,900.488,0,fonctionnement_normal_simule
2026-01-01T00:09:22.800000+00:00,simulation_nominale,26.362,44.786,898.777,0,fonctionnement_normal_simule
2026-01-01T00:09:23+00:00,simulation_nominale,26.34,44.988,899.234,0,fonctionnement_normal_simule
2026-01-01T00:09:23.200000+00:00,simulation_nominale,26.289,44.764,900.91,0,fonctionnement_normal_simule
2026-01-01T00:09:23.400000+00:00,simulation_nominale,26.267,44.882,895.935,0,fonctionnement_normal_simule
2026-01-01T00:09:23.600000+00:00,simulation_nominale,26.328,44.758,898.055,0,fonctionnement_normal_simule
2026-01-01T00:09:23.800000+00:00,simulation_nominale,26.276,44.754,897.444,0,fonctionnement_normal_simule
2026-01-01T00:09:24+00:00,simulation_nominale,26.242,44.779,899.181,0,fonctionnement_normal_simule
2026-01-01T00:09:24.200000+00:00,simulation_nominale,26.269,45.072,902.253,0,fonctionnement_normal_simule
2026-01-01T00:09:24.400000+00:00,simulation_nominale,26.169,44.929,898.708,0,fonctionnement_normal_simule
2026-01-01T00:09:24.600000+00:00,simulation_nominale,26.279,44.928,901.055,0,fonctionnement_normal_simule
2026-01-01T00:09:24.800000+00:00,simulation_nominale,26.281,44.934,896.966,0,fonctionnement_normal_simule
2026-01-01T00:09:25+00:00,simulation_nominale,26.232,45.025,901.332,0,fonctionnement_normal_simule
2026-01-01T00:09:25.200000+00:00,simulation_nominale,26.235,45.039,899.92,0,fonctionnement_normal_simule
2026-01-01T00:09:25.400000+00:00,simulation_nominale,26.185,45.01,901.705,0,fonctionnement_normal_simule
2026-01-01T00:09:25.600000+00:00,simulation_nominale,26.283,44.959,900.201,0,fonctionnement_normal_simule
2026-01-01T00:09:25.800000+00:00,simulation_nominale,26.215,44.908,900.513,0,fonctionnement_normal_simule
2026-01-01T00:09:26+00:00,simulation_nominale,26.181,45.031,898.46,0,fonctionnement_normal_simule
2026-01-01T00:09:26.200000+00:00,simulation_nominale,26.188,45.031,899.876,0,fonctionnement_normal_simule
2026-01-01T00:09:26.400000+00:00,simulation_nominale,26.225,45.013,899.07,0,fonctionnement_normal_simule
2026-01-01T00:09:26.600000+00:00,simulation_nominale,26.214,45.022,899.597,0,fonctionnement_normal_simule
2026-01-01T00:09:26.800000+00:00,simulation_nominale,26.17,45.061,901.122,0,fonctionnement_normal_simule
2026-01-01T00:09:27+00:00,simulation_nominale,26.219,45.141,901.82,0,fonctionnement_normal_simule
2026-01-01T00:09:27.200000+00:00,simulation_nominale,26.186,45.165,898.671,0,fonctionnement_normal_simule
2026-01-01T00:09:27.400000+00:00,simulation_nominale,26.214,45.156,902.563,0,fonctionnement_normal_simule
2026-01-01T00:09:27.600000+00:00,simulation_nominale,26.201,45.16,899.789,0,fonctionnement_normal_simule
2026-01-01T00:09:27.800000+00:00,simulation_nominale,26.141,45.064,900.773,0,fonctionnement_normal_simule
2026-01-01T00:09:28+00:00,simulation_nominale,26.103,45.251,899.41,0,fonctionnement_normal_simule
2026-01-01T00:09:28.200000+00:00,simulation_nominale,26.173,45.213,899.419,0,fonctionnement_normal_simule
2026-01-01T00:09:28.400000+00:00,simulation_nominale,26.138,44.974,899.55,0,fonctionnement_normal_simule
2026-01-01T00:09:28.600000+00:00,simulation_nominale,26.158,45.038,899.144,0,fonctionnement_normal_simule
2026-01-01T00:09:28.800000+00:00,simulation_nominale,26.124,45.249,895.27,0,fonctionnement_normal_simule
2026-01-01T00:09:29+00:00,simulation_nominale,26.1,45.16,896.873,0,fonctionnement_normal_simule
2026-01-01T00:09:29.200000+00:00,simulation_nominale,26.123,45.021,893.988,0,fonctionnement_normal_simule
2026-01-01T00:09:29.400000+00:00,simulation_nominale,26.108,45.239,896.79,0,fonctionnement_normal_simule
2026-01-01T00:09:29.600000+00:00,simulation_nominale,26.117,45.229,899.519,0,fonctionnement_normal_simule
2026-01-01T00:09:29.800000+00:00,simulation_nominale,26.099,45.078,898.288,0,fonctionnement_normal_simule
2026-01-01T00:09:30+00:00,simulation_nominale,26.094,45.345,895.214,0,fonctionnement_normal_simule
2026-01-01T00:09:30.200000+00:00,simulation_nominale,26.174,45.228,896.004,0,fonctionnement_normal_simule
2026-01-01T00:09:30.400000+00:00,simulation_nominale,26.064,45.334,898.158,0,fonctionnement_normal_simule
2026-01-01T00:09:30.600000+00:00,simulation_nominale,26.039,45.309,899.935,0,fonctionnement_normal_simule
2026-01-01T00:09:30.800000+00:00,simulation_nominale,26.062,45.401,902.123,0,fonctionnement_normal_simule
2026-01-01T00:09:31+00:00,simulation_nominale,25.959,45.277,901.529,0,fonctionnement_normal_simule
2026-01-01T00:09:31.200000+00:00,simulation_nominale,26.069,45.403,898.889,0,fonctionnement_normal_simule
2026-01-01T00:09:31.400000+00:00,simulation_nominale,25.984,45.243,897.65,0,fonctionnement_normal_simule
2026-01-01T00:09:31.600000+00:00,simulation_nominale,26.089,45.299,896.634,0,fonctionnement_normal_simule
2026-01-01T00:09:31.800000+00:00,simulation_nominale,26.007,45.328,897.93,0,fonctionnement_normal_simule
2026-01-01T00:09:32+00:00,simulation_nominale,26.114,45.312,894.963,0,fonctionnement_normal_simule
2026-01-01T00:09:32.200000+00:00,simulation_nominale,26.04,45.355,897.715,0,fonctionnement_normal_simule
2026-01-01T00:09:32.400000+00:00,simulation_nominale,25.98,45.38,896.318,0,fonctionnement_normal_simule
2026-01-01T00:09:32.600000+00:00,simulation_nominale,25.98,45.305,899.172,0,fonctionnement_normal_simule
2026-01-01T00:09:32.800000+00:00,simulation_nominale,25.937,45.355,896.609,0,fonctionnement_normal_simule
2026-01-01T00:09:33+00:00,simulation_nominale,26.017,45.358,898.89,0,fonctionnement_normal_simule
2026-01-01T00:09:33.200000+00:00,simulation_nominale,25.95,45.416,897.543,0,fonctionnement_normal_simule
2026-01-01T00:09:33.400000+00:00,simulation_nominale,25.977,45.516,897.98,0,fonctionnement_normal_simule
2026-01-01T00:09:33.600000+00:00,simulation_nominale,25.978,45.489,897.616,0,fonctionnement_normal_simule
2026-01-01T00:09:33.800000+00:00,simulation_nominale,25.95,45.488,901.236,0,fonctionnement_normal_simule
2026-01-01T00:09:34+00:00,simulation_nominale,25.931,45.472,896.969,0,fonctionnement_normal_simule
2026-01-01T00:09:34.200000+00:00,simulation_nominale,25.95,45.279,895.352,0,fonctionnement_normal_simule
2026-01-01T00:09:34.400000+00:00,simulation_nominale,25.907,45.554,894.314,0,fonctionnement_normal_simule
2026-01-01T00:09:34.600000+00:00,simulation_nominale,25.986,45.373,896.132,0,fonctionnement_normal_simule
2026-01-01T00:09:34.800000+00:00,simulation_nominale,25.91,45.414,893.29,0,fonctionnement_normal_simule
2026-01-01T00:09:35+00:00,simulation_nominale,25.975,45.558,898.745,0,fonctionnement_normal_simule
2026-01-01T00:09:35.200000+00:00,simulation_nominale,25.951,45.55,898.748,0,fonctionnement_normal_simule
2026-01-01T00:09:35.400000+00:00,simulation_nominale,25.875,45.532,899.102,0,fonctionnement_normal_simule
2026-01-01T00:09:35.600000+00:00,simulation_nominale,25.912,45.482,894.37,0,fonctionnement_normal_simule
2026-01-01T00:09:35.800000+00:00,simulation_nominale,25.881,45.468,890.081,0,fonctionnement_normal_simule
2026-01-01T00:09:36+00:00,simulation_nominale,25.903,45.637,897.241,0,fonctionnement_normal_simule
2026-01-01T00:09:36.200000+00:00,simulation_nominale,25.885,45.466,895.441,0,fonctionnement_normal_simule
2026-01-01T00:09:36.400000+00:00,simulation_nominale,25.927,45.424,900.379,0,fonctionnement_normal_simule
2026-01-01T00:09:36.600000+00:00,simulation_nominale,25.804,45.612,894.442,0,fonctionnement_normal_simule
2026-01-01T00:09:36.800000+00:00,simulation_nominale,25.839,45.38,897.611,0,fonctionnement_normal_simule
2026-01-01T00:09:37+00:00,simulation_nominale,25.867,45.648,894.655,0,fonctionnement_normal_simule
2026-01-01T00:09:37.200000+00:00,simulation_nominale,25.897,45.586,895.233,0,fonctionnement_normal_simule
2026-01-01T00:09:37.400000+00:00,simulation_nominale,25.816,45.679,896.24,0,fonctionnement_normal_simule
2026-01-01T00:09:37.600000+00:00,simulation_nominale,25.846,45.471,895.328,0,fonctionnement_normal_simule
2026-01-01T00:09:37.800000+00:00,simulation_nominale,25.782,45.534,891.674,0,fonctionnement_normal_simule
2026-01-01T00:09:38+00:00,simulation_nominale,25.839,45.599,895.324,0,fonctionnement_normal_simule
2026-01-01T00:09:38.200000+00:00,simulation_nominale,25.769,45.632,893.26,0,fonctionnement_normal_simule
2026-01-01T00:09:38.400000+00:00,simulation_nominale,25.798,45.676,895.937,0,fonctionnement_normal_simule
2026-01-01T00:09:38.600000+00:00,simulation_nominale,25.819,45.581,891.239,0,fonctionnement_normal_simule
2026-01-01T00:09:38.800000+00:00,simulation_nominale,25.799,45.559,894.419,0,fonctionnement_normal_simule
2026-01-01T00:09:39+00:00,simulation_nominale,25.734,45.634,896.329,0,fonctionnement_normal_simule
2026-01-01T00:09:39.200000+00:00,simulation_nominale,25.761,45.564,895.225,0,fonctionnement_normal_simule
2026-01-01T00:09:39.400000+00:00,simulation_nominale,25.778,45.673,895.436,0,fonctionnement_normal_simule
2026-01-01T00:09:39.600000+00:00,simulation_nominale,25.81,45.813,896.237,0,fonctionnement_normal_simule
2026-01-01T00:09:39.800000+00:00,simulation_nominale,25.74,45.718,891.976,0,fonctionnement_normal_simule
2026-01-01T00:09:40+00:00,simulation_nominale,25.748,45.847,894.588,0,fonctionnement_normal_simule
2026-01-01T00:09:40.200000+00:00,simulation_nominale,25.74,45.644,896.862,0,fonctionnement_normal_simule
2026-01-01T00:09:40.400000+00:00,simulation_nominale,25.722,45.74,893.875,0,fonctionnement_normal_simule
2026-01-01T00:09:40.600000+00:00,simulation_nominale,25.678,45.71,892.496,0,fonctionnement_normal_simule
2026-01-01T00:09:40.800000+00:00,simulation_nominale,25.693,45.687,897.9,0,fonctionnement_normal_simule
2026-01-01T00:09:41+00:00,simulation_nominale,25.739,45.767,893.14,0,fonctionnement_normal_simule
2026-01-01T00:09:41.200000+00:00,simulation_nominale,25.731,45.739,896.786,0,fonctionnement_normal_simule
2026-01-01T00:09:41.400000+00:00,simulation_nominale,25.691,45.896,893.824,0,fonctionnement_normal_simule
2026-01-01T00:09:41.600000+00:00,simulation_nominale,25.697,45.73,894.178,0,fonctionnement_normal_simule
2026-01-01T00:09:41.800000+00:00,simulation_nominale,25.647,45.684,890.85,0,fonctionnement_normal_simule
2026-01-01T00:09:42+00:00,simulation_nominale,25.646,45.709,894.696,0,fonctionnement_normal_simule
2026-01-01T00:09:42.200000+00:00,simulation_nominale,25.647,45.781,896.688,0,fonctionnement_normal_simule
2026-01-01T00:09:42.400000+00:00,simulation_nominale,25.69,45.677,894.824,0,fonctionnement_normal_simule
2026-01-01T00:09:42.600000+00:00,simulation_nominale,25.684,45.799,892.063,0,fonctionnement_normal_simule
2026-01-01T00:09:42.800000+00:00,simulation_nominale,25.668,45.798,894.441,0,fonctionnement_normal_simule
2026-01-01T00:09:43+00:00,simulation_nominale,25.67,45.86,892.871,0,fonctionnement_normal_simule
2026-01-01T00:09:43.200000+00:00,simulation_nominale,25.575,45.843,893.558,0,fonctionnement_normal_simule
2026-01-01T00:09:43.400000+00:00,simulation_nominale,25.627,45.869,894.824,0,fonctionnement_normal_simule
2026-01-01T00:09:43.600000+00:00,simulation_nominale,25.584,45.919,894.406,0,fonctionnement_normal_simule
2026-01-01T00:09:43.800000+00:00,simulation_nominale,25.627,45.865,898.035,0,fonctionnement_normal_simule
2026-01-01T00:09:44+00:00,simulation_nominale,25.632,45.861,890.432,0,fonctionnement_normal_simule
2026-01-01T00:09:44.200000+00:00,simulation_nominale,25.597,45.915,891.019,0,fonctionnement_normal_simule
2026-01-01T00:09:44.400000+00:00,simulation_nominale,25.595,45.896,895.084,0,fonctionnement_normal_simule
2026-01-01T00:09:44.600000+00:00,simulation_nominale,25.535,45.878,892.995,0,fonctionnement_normal_simule
2026-01-01T00:09:44.800000+00:00,simulation_nominale,25.589,45.934,895.176,0,fonctionnement_normal_simule
2026-01-01T00:09:45+00:00,simulation_nominale,25.626,46.116,893.817,0,fonctionnement_normal_simule
2026-01-01T00:09:45.200000+00:00,simulation_nominale,25.594,45.906,893.173,0,fonctionnement_normal_simule
2026-01-01T00:09:45.400000+00:00,simulation_nominale,25.533,45.91,891.99,0,fonctionnement_normal_simule
2026-01-01T00:09:45.600000+00:00,simulation_nominale,25.512,45.945,892.122,0,fonctionnement_normal_simule
2026-01-01T00:09:45.800000+00:00,simulation_nominale,25.565,45.917,894.211,0,fonctionnement_normal_simule
2026-01-01T00:09:46+00:00,simulation_nominale,25.608,45.99,892.446,0,fonctionnement_normal_simule
2026-01-01T00:09:46.200000+00:00,simulation_nominale,25.53,45.972,892.288,0,fonctionnement_normal_simule
2026-01-01T00:09:46.400000+00:00,simulation_nominale,25.524,46.055,893.65,0,fonctionnement_normal_simule
2026-01-01T00:09:46.600000+00:00,simulation_nominale,25.513,45.986,892.807,0,fonctionnement_normal_simule
2026-01-01T00:09:46.800000+00:00,simulation_nominale,25.506,45.998,892.197,0,fonctionnement_normal_simule
2026-01-01T00:09:47+00:00,simulation_nominale,25.496,46.043,891.602,0,fonctionnement_normal_simule
2026-01-01T00:09:47.200000+00:00,simulation_nominale,25.57,45.894,893.851,0,fonctionnement_normal_simule
2026-01-01T00:09:47.400000+00:00,simulation_nominale,25.524,46.029,893.477,0,fonctionnement_normal_simule
2026-01-01T00:09:47.600000+00:00,simulation_nominale,25.538,45.988,892.1,0,fonctionnement_normal_simule
2026-01-01T00:09:47.800000+00:00,simulation_nominale,25.483,46.175,890.732,0,fonctionnement_normal_simule
2026-01-01T00:09:48+00:00,simulation_nominale,25.533,45.956,893.854,0,fonctionnement_normal_simule
2026-01-01T00:09:48.200000+00:00,simulation_nominale,25.529,45.932,890.978,0,fonctionnement_normal_simule
2026-01-01T00:09:48.400000+00:00,simulation_nominale,25.513,46.134,891.538,0,fonctionnement_normal_simule
2026-01-01T00:09:48.600000+00:00,simulation_nominale,25.543,46.023,893.443,0,fonctionnement_normal_simule
2026-01-01T00:09:48.800000+00:00,simulation_nominale,25.518,45.993,895.977,0,fonctionnement_normal_simule
2026-01-01T00:09:49+00:00,simulation_nominale,25.431,46.051,891.843,0,fonctionnement_normal_simule
2026-01-01T00:09:49.200000+00:00,simulation_nominale,25.549,46.069,894.323,0,fonctionnement_normal_simule
2026-01-01T00:09:49.400000+00:00,simulation_nominale,25.497,46.039,894.356,0,fonctionnement_normal_simule
2026-01-01T00:09:49.600000+00:00,simulation_nominale,25.432,45.942,891.788,0,fonctionnement_normal_simule
2026-01-01T00:09:49.800000+00:00,simulation_nominale,25.441,45.908,890.119,0,fonctionnement_normal_simule
2026-01-01T00:09:50+00:00,simulation_nominale,25.43,46.128,893.738,0,fonctionnement_normal_simule
2026-01-01T00:09:50.200000+00:00,simulation_nominale,25.427,46.048,893.605,0,fonctionnement_normal_simule
2026-01-01T00:09:50.400000+00:00,simulation_nominale,25.368,46.164,889.373,0,fonctionnement_normal_simule
2026-01-01T00:09:50.600000+00:00,simulation_nominale,25.454,46.042,895.51,0,fonctionnement_normal_simule
2026-01-01T00:09:50.800000+00:00,simulation_nominale,25.395,46.071,890.324,0,fonctionnement_normal_simule
2026-01-01T00:09:51+00:00,simulation_nominale,25.429,46.031,891.826,0,fonctionnement_normal_simule
2026-01-01T00:09:51.200000+00:00,simulation_nominale,25.418,46.063,890.494,0,fonctionnement_normal_simule
2026-01-01T00:09:51.400000+00:00,simulation_nominale,25.376,46.032,890.855,0,fonctionnement_normal_simule
2026-01-01T00:09:51.600000+00:00,simulation_nominale,25.39,46.022,892.294,0,fonctionnement_normal_simule
2026-01-01T00:09:51.800000+00:00,simulation_nominale,25.389,46.168,892.245,0,fonctionnement_normal_simule
2026-01-01T00:09:52+00:00,simulation_nominale,25.287,46.088,892.855,0,fonctionnement_normal_simule
2026-01-01T00:09:52.200000+00:00,simulation_nominale,25.369,46.075,895.374,0,fonctionnement_normal_simule
2026-01-01T00:09:52.400000+00:00,simulation_nominale,25.42,46.062,891.893,0,fonctionnement_normal_simule
2026-01-01T00:09:52.600000+00:00,simulation_nominale,25.387,46.308,887.928,0,fonctionnement_normal_simule
2026-01-01T00:09:52.800000+00:00,simulation_nominale,25.386,46.154,892.486,0,fonctionnement_normal_simule
2026-01-01T00:09:53+00:00,simulation_nominale,25.344,46.323,896.048,0,fonctionnement_normal_simule
2026-01-01T00:09:53.200000+00:00,simulation_nominale,25.34,46.122,897.243,0,fonctionnement_normal_simule
2026-01-01T00:09:53.400000+00:00,simulation_nominale,25.364,46.117,894.366,0,fonctionnement_normal_simule
2026-01-01T00:09:53.600000+00:00,simulation_nominale,25.334,46.182,894.22,0,fonctionnement_normal_simule
2026-01-01T00:09:53.800000+00:00,simulation_nominale,25.268,46.29,892.456,0,fonctionnement_normal_simule
2026-01-01T00:09:54+00:00,simulation_nominale,25.347,46.236,888.759,0,fonctionnement_normal_simule
2026-01-01T00:09:54.200000+00:00,simulation_nominale,25.297,46.256,893.099,0,fonctionnement_normal_simule
2026-01-01T00:09:54.400000+00:00,simulation_nominale,25.321,46.099,891.527,0,fonctionnement_normal_simule
2026-01-01T00:09:54.600000+00:00,simulation_nominale,25.287,46.176,893.01,0,fonctionnement_normal_simule
2026-01-01T00:09:54.800000+00:00,simulation_nominale,25.327,46.122,891.778,0,fonctionnement_normal_simule
2026-01-01T00:09:55+00:00,simulation_nominale,25.333,46.264,891.689,0,fonctionnement_normal_simule
2026-01-01T00:09:55.200000+00:00,simulation_nominale,25.307,46.16,895.802,0,fonctionnement_normal_simule
2026-01-01T00:09:55.400000+00:00,simulation_nominale,25.308,46.19,888.326,0,fonctionnement_normal_simule
2026-01-01T00:09:55.600000+00:00,simulation_nominale,25.227,46.215,894.08,0,fonctionnement_normal_simule
2026-01-01T00:09:55.800000+00:00,simulation_nominale,25.271,46.249,889.981,0,fonctionnement_normal_simule
2026-01-01T00:09:56+00:00,simulation_nominale,25.35,46.455,886.535,0,fonctionnement_normal_simule
2026-01-01T00:09:56.200000+00:00,simulation_nominale,25.271,46.32,892.982,0,fonctionnement_normal_simule
2026-01-01T00:09:56.400000+00:00,simulation_nominale,25.262,46.248,893.342,0,fonctionnement_normal_simule
2026-01-01T00:09:56.600000+00:00,simulation_nominale,25.339,46.148,890.603,0,fonctionnement_normal_simule
2026-01-01T00:09:56.800000+00:00,simulation_nominale,25.293,46.214,890.892,0,fonctionnement_normal_simule
2026-01-01T00:09:57+00:00,simulation_nominale,25.324,46.324,890.938,0,fonctionnement_normal_simule
2026-01-01T00:09:57.200000+00:00,simulation_nominale,25.286,46.197,892.327,0,fonctionnement_normal_simule
2026-01-01T00:09:57.400000+00:00,simulation_nominale,25.282,46.407,893.28,0,fonctionnement_normal_simule
2026-01-01T00:09:57.600000+00:00,simulation_nominale,25.266,46.3,891.503,0,fonctionnement_normal_simule
2026-01-01T00:09:57.800000+00:00,simulation_nominale,25.306,46.42,893.084,0,fonctionnement_normal_simule
2026-01-01T00:09:58+00:00,simulation_nominale,25.255,46.257,889.309,0,fonctionnement_normal_simule
2026-01-01T00:09:58.200000+00:00,simulation_nominale,25.232,46.392,892.337,0,fonctionnement_normal_simule
2026-01-01T00:09:58.400000+00:00,simulation_nominale,25.298,46.32,888.767,0,fonctionnement_normal_simule
2026-01-01T00:09:58.600000+00:00,simulation_nominale,25.216,46.406,892.521,0,fonctionnement_normal_simule
2026-01-01T00:09:58.800000+00:00,simulation_nominale,25.246,46.34,891.024,0,fonctionnement_normal_simule
2026-01-01T00:09:59+00:00,simulation_nominale,25.263,46.306,892.83,0,fonctionnement_normal_simule
2026-01-01T00:09:59.200000+00:00,simulation_nominale,25.236,46.224,895.126,0,fonctionnement_normal_simule
2026-01-01T00:09:59.400000+00:00,simulation_nominale,25.222,46.424,893.237,0,fonctionnement_normal_simule
2026-01-01T00:09:59.600000+00:00,simulation_nominale,25.228,46.324,892.476,0,fonctionnement_normal_simule
2026-01-01T00:09:59.800000+00:00,simulation_nominale,25.205,46.298,891.062,0,fonctionnement_normal_simule
